,地域,具体金额,平均金额,虚量描述,上下文,帖子ID
0,江浙沪,"[200000.0, 220000.0]",210000.0,少,想知道哈 一个普通的工薪家庭里面，男生拿出来一套房子（江苏省徐州），一辆车20w，在加22w的彩礼 真的少嘛？房子车 都是全款,3
1,广东,"[400000.0, 90000.0]",245000.0,,，称女方隐瞒重大疾病每天昏睡十几个小时，女方：婆婆强制要求我停药怀孕，法院：撤销婚姻返还一半彩礼。（广州日报） 40岁男子相亲次日闪婚领证，婚后9天要求撤销婚姻，称女方隐瞒重大疾病每天昏睡十几个小时，女方,7
2,广东,[],,多,参与养老了，但大多数参与度不足，很多只是父母病了去照顾一下，而且很多只是去医院探望一下就回去了，根据广东网友的说法律，很多广东农村基本上就是这样。以上导致即使有彩礼，女方都觉得亏，心理不平衡，所以都重男轻,20
3,北京,"[30000.0, 130000.0, 230000.0]",130000.0,,南京师大实验显示：3岁帮父母擦桌子会道谢；13岁被代劳就视作天经地义；23岁替其付首付，他反而觉得“这是,30
4,河南,[80000.0],80000.0,,河南郑州的刘先生，用8年的血汗钱换来了一个几乎毁灭性的结局。,36
5,江西,"[30.0, 30.0]",30.0,多,男子30多万娶妻后新娘迟迟不领证，女方：让他减肥他不减，想退钱走法律程序。（江西民生广播）#减肥 #结婚 #领证 #社会百态 男子30多万娶妻后新娘迟迟不领证，女方：让他减肥他不减,40
6,安徽,"[40.0, 210000.0, 20.0]",70020.0,多,师傅40多岁，他说在安徽老乡的介绍下，他花了21万娶了位20多岁的越南新娘“小美”，结婚生活三个月后“小美”不辞而别....,50
7,江浙沪,[0.0],0.0,,这么老是跳不过彩礼这个圈圈呢？彩礼本来就是个伪命题！你看重庆成都重庆上海主城，结婚基本不用给彩礼，也别去扯什么车房……咱这山城棒棒军都是0彩礼娶媳妇，山城棒棒军有什么？彩礼,76
8,上海,[0.0],0.0,,这么老是跳不过彩礼这个圈圈呢？彩礼本来就是个伪命题！你看重庆成都重庆上海主城，结婚基本不用给彩礼，也别去扯什么车房……咱这山城棒棒军都是0彩礼娶媳妇，山城棒棒军有什么？彩礼,76
9,四川,[0.0],0.0,,这么老是跳不过彩礼这个圈圈呢？彩礼本来就是个伪命题！你看重庆成都重庆上海主城，结婚基本不用给彩礼，也别去扯什么车房……咱这山城棒棒军都是0彩礼娶媳妇，山城棒棒军有什,76
10,西南,[0.0],0.0,,这么老是跳不过彩礼这个圈圈呢？彩礼本来就是个伪命题！你看重庆成都重庆上海主城，结婚基本不用给彩礼，也别去扯什么车房……咱这山城棒棒军都是0彩礼娶媳妇，山城棒棒军有什么？,76
11,广东,[],,多,广东省的经济条件可以说超越了中国的所有省份，广东人家庭条件好的也很多，但是广东人很低调，很通情达理，善解人意，懂得怎么才能为人处事,101
12,河南,[],,多,江西，山东，安徽，河南，河北，甘肃等很多省份的很多地方都是高彩礼重灾区，穷男穷女的穷苦人家，索要高价彩礼，其实都是穷人为难,101
13,山东,[],,多,江西，山东，安徽，河南，河北，甘肃等很多省份的很多地方都是高彩礼重灾区，穷男穷女的穷苦人家，索要高价彩礼，其实,101
14,江西,[],,多,江西，山东，安徽，河南，河北，甘肃等很多省份的很多地方都是高彩礼重灾区，穷男穷女的穷苦人家，索要高价彩礼,101
15,西北,[],,多,江西，山东，安徽，河南，河北，甘肃等很多省份的很多地方都是高彩礼重灾区，穷男穷女的穷苦人家，索要高价彩礼，其实都是穷人为难穷人，女方都,101
16,华北,[],,多,江西，山东，安徽，河南，河北，甘肃等很多省份的很多地方都是高彩礼重灾区，穷男穷女的穷苦人家，索要高价彩礼，其实都是穷人为难穷人，,101
17,安徽,[],,多,江西，山东，安徽，河南，河北，甘肃等很多省份的很多地方都是高彩礼重灾区，穷男穷女的穷苦人家，索要高价彩礼，其实都是穷,101
18,山东,"[80000.0, 100000.0, 70000.0]",83333.33333333333,少,说了我学历小学毕业认知低 不会拼音不会加减在家里摆烂8年就没在学习出门工作认知低社交能力没有硬条件 山东南部四线城市县级市一套房 交房至少10年 装修7年五菱宏光miniev （三门款）,104
19,江浙沪,[],,多,婚姻由此从两个人的情感结合，变成了一张“城市入场券”。这也能解释彩礼的区域差异：江西、福建、浙江等地城镇化速度快，县域经济发达，进城竞争激烈，婚姻被赋予了更多资源整合的功能。,109
20,江西,"[2008.0, 380000.0, 300000.0, 15.0, 15.0, 3.5, 2.5]",97434.85714285714,,但2008年之后，彩礼金额像坐了火箭一样飙升至如今的几十万元。江西38万、福建30万的彩礼已成为常态，15年间彩礼涨幅达15倍。同期工资仅上涨3.5倍，房价上涨2.5,109
21,福建,"[2008.0, 380000.0, 300000.0, 15.0, 15.0, 3.5, 2.5]",97434.85714285714,,但2008年之后，彩礼金额像坐了火箭一样飙升至如今的几十万元。江西38万、福建30万的彩礼已成为常态，15年间彩礼涨幅达15倍。同期工资仅上涨3.5倍，房价上涨2.5倍，年轻人即,109
22,河南,"[300000.0, 13.0, 250000.0]",183337.66666666666,,河南一男子花近30万娶妻，13天后女方消失。婆婆：只举办了婚礼仪式 没领证，拿了25万现金 黄金首饰花了,119
23,东三省,"[950000.0, 170.0]",475085.0,,本男95年～辽宁（抵制地域黑）～未婚～不沾酒du～武警退伍军人~170～会中餐~西餐~开车~维修等综合技能找个年龄差,126
24,北京,[315.0],315.0,,我记着前些年，央视315报道了以北京地区为首的全国性相亲机构，世纪佳缘、百合网、珍爱网等诈骗相亲的事，然而我们细品，就发现喃券又开始事后,129
25,北京,"[40000.0, 230000.0, 600000.0, 400000.0]",317500.0,多,4月23日 北京，丈夫病重被妻子拉黑两年多，去世后妻子来争房屋、车辆、存款等全部遗产，法院：姐姐分60% 妻子分40,149
26,西南,"[288000.0, 288000.0]",288000.0,,28.8贵州彩礼 28.8贵州彩礼,152
27,江浙沪,[688000.0],688000.0,,家兄和他的女朋友两个人学校认识的，有三四年了吧，她是浙江绍兴的，家里要求68.8w+全房，她们一点不出，全加起来估计能有我们父母积蓄的一大半了我们父母目前的,153
28,广东,[200000.0],200000.0,,但是小莹并没有很想那么早结婚，她才20岁啊。她是家中大姐，为了供养家庭，为弟弟出学费，她初中辍学到深圳打工。虽然工资微薄，但总比父母在家里务农强一些。虽然负担沉重，但小莹也有自己的理想：业余时间学点会计,154
29,华北,[],,多,多个男孩。很多人觉得，农村女性的地位因为男多女少的人口结构而大大提高了，“完全是女尊男卑” ，家乡在晋北的博士生李顺的话被当成金玉良言，刊登在《中青在线》上。,154
30,四川,[],,多,四川娶老婆需要多少彩礼啊？不能在女生哪儿买房吗 四川娶老婆需要多少彩礼啊？不能在女生哪儿买房吗,158
31,天津,[],,多,建议各帼多数男可参恽，可以兼职做生意，半天训练半天赚钱，或训练一天休假一天赚钱，还有恽队包食宿津贴工资奖金或退伍补偿金。为帼作战可以发财升倌，还可以报仇。各帼好男儿多数应参恽，团结好吕人打击那些迫,164
32,山东,[188000.0],188000.0,多,份保障，而且我父母也说过彩礼她们一分不拿，都留给我们用，我刚开始要求男生需要18.8的彩礼（我ip是山东济南），后面她的意思钱有点多他家负担不起（他父母都腿脚有一点点问题但现在工作也还稳定，但再过些年就可,170
33,江浙沪,"[310.0, 310.0]",310.0,,在上海的外地女人问310男人要彩礼? 不知道怎么想的? 在上海的外地女人问310男人要彩礼? 不知道怎么想的?,186
34,上海,"[310.0, 310.0]",310.0,,在上海的外地女人问310男人要彩礼? 不知道怎么想的? 在上海的外地女人问310男人要彩礼? 不知道怎么想的?,186
35,河南,[200000.0],200000.0,多,我宁愿一辈子不结婚也不会忍受彩礼这种陋习 啥也没说了 直接看聊天记录 问对象说结婚要多少彩礼她毫不犹豫的说20万 我说彩礼是陋习给不了 （我自己的存款凭什么要来扶贫呢）结果对象跟我说你想零元购？ 给我整,193
36,江西,"[910000.0, 250000.0, 260000.0, 910000.0, 250000.0, 260000.0]",473333.3333333333,多,91年江西女生，但是显年轻，看起来25、26，多少彩礼合适？ 91年江西女生，但是显年轻，看起来25、26，多少彩礼合适？,195
37,湖南,"[50000.0, 50000.0]",50000.0,,女子隐瞒已婚谈恋爱，怀孕后因彩礼等问题与男友闹崩，引产胎儿后起诉男友索赔5万（潇湘晨报） 女子隐瞒已婚谈恋爱，怀孕后因彩礼等问题与男友闹崩，引产胎儿后起诉男友索赔5万（潇湘晨报）,204
38,江浙沪,[360000.0],360000.0,,"谈也谈不明白，直接结婚吧，有房有车有存款，彩礼三金改口费都准备好，年龄 36岁以下#结婚领证进夜店,上海玩法太炸裂#",207
39,上海,[360000.0],360000.0,,"谈也谈不明白，直接结婚吧，有房有车有存款，彩礼三金改口费都准备好，年龄 36岁以下#结婚领证进夜店,上海玩法太炸裂#",207
40,江西,"[280000.0, 8.0, 120000.0, 8.0, 160000.0, 8.0]",93337.33333333333,多,在一起这么久男朋友一直没问过我。彩礼多少？今天他问我，因为我是江西的嘛，我们那边彩礼都很高，我妈要28万8彩礼三金我妈以前也说过最低就是12万8或者是16万8，婚礼办,228
41,西北,"[160000.0, 8.0, 160000.0, 8.0]",80004.0,多,陕西省商洛市的彩礼最高是多少啊16万8彩礼加三金真的很高 陕西省商洛市的彩礼最高是多少啊16万8彩礼加三金真的很高,228
42,西北,[],,多,把“入场仪式”过成“一辈子的日子”——你累的时候她搭把手，她难的时候你护着，遇事不指责，共苦才会有同甘。那些总把“彩礼=卖女儿”挂在嘴边，总用“花钱多少”“颜值高低”选人的男人，不妨先反省自己：你找的是,229
43,西北,[],,多,又闹离婚分家产。多少家族企业，不是败在竞争对手手里，而是毁于内耗。就像刘銮雄身边曾有过众多女友，最终甘比能上位，关键就在于她始终沉稳，从不乱闹。有钱人要的不是需要娇惯的公主，而是能共打江山、同守家业的战,247
44,华南,[],,少,十几个广东豪门太太后，我发现她们都有三个共同特质。其一，平时不显山不露水，关键时刻能一锤定音。就像碧桂园的杨惠妍，平时低调到很少出现在公众视野，但在父亲出事、企业陷入危机时，她能独当一面，撑起整个集团。,247
45,江浙沪,[],,多,江苏沐垢命途多舛 江苏沐垢命途多舛,266
46,江浙沪,[],,多,江苏沐垢前面用多了 江苏沐垢前面用多了,304
47,江浙沪,[],,多,给江苏沐垢多几个口味 给江苏沐垢多几个口味,323
48,江浙沪,[],,多,多来点外来人给江苏蘑菇🍄😂 多来点外来人给江苏蘑菇🍄😂,325
49,江浙沪,[],,多,愿地府多收江苏沐够 愿地府多收江苏沐够,340
50,江浙沪,[],,少,江苏么够一定用🦋爆不少金币吧 江苏么够一定用🦋爆不少金币吧,397
51,山东,"[40000.0, 40000.0]",40000.0,,山东公珠因cd4过低，用江西南通的静夜来提升免疫力 山东公珠因cd4过低，用江西南通的静夜来提升免疫力,428
52,江西,"[40000.0, 40000.0]",40000.0,,山东公珠因cd4过低，用江西南通的静夜来提升免疫力 山东公珠因cd4过低，用江西南通的静夜来提升免疫力,428
53,西南,"[40000.0, 40000.0]",40000.0,,山东公珠因cd4过低，用江西南通的静夜来提升免疫力 山东公珠因cd4过低，用江西南通的静夜来提升免疫力,428
54,江浙沪,[4.0],4.0,,导致蛄蛹功能下降@江苏钢生釹win j连夜请医生复查，结果告知cd4快没了,437
55,江浙沪,[50000.0],50000.0,,5.留中国可以联系国外父母，但不能一堆国外亲戚住上海房子（这是我十父母的房子）,439
56,上海,[50000.0],50000.0,,5.留中国可以联系国外父母，但不能一堆国外亲戚住上海房子（这是我十父母的房子）,439
57,江西,"[4.0, 8.0, 268000.0, 40000.0]",77003.0,,4月8日（报道）江西南昌，男子称妻子隐瞒先天疾病，离婚后起诉女方要求返还26.8万彩礼，一审判决：女方返还4万和钻戒一枚,440
58,西南,"[4.0, 8.0, 268000.0, 40000.0]",77003.0,,4月8日（报道）江西南昌，男子称妻子隐瞒先天疾病，离婚后起诉女方要求返还26.8万彩礼，一审判决：女方返还4万和钻戒一枚（,440
59,江浙沪,"[40000.0, 40000.0]",40000.0,,江苏刚生女连夜注销cmg因为艾孜走得快没关权限啊，cd4已趋 江苏刚生女连夜注销cmg因为艾孜走得快没关权限啊，cd4已趋,442
60,江浙沪,"[12.92, 3.0]",7.96,,ersion=12.92.3.0&sfc=copy&share_from=post 丝一个注销一个@江苏钢生釹win,443
61,东三省,[],,多,多看看你们的发言，也不至于遇到你这种货色只会打权的东西，东北雨姐收拾你这种新时代巨婴🚹,453
62,江浙沪,"[40000.0, 40000.0]",40000.0,,江苏🌲g的cd4已经成为它的武器😂 江苏🌲g的cd4已经成为它的武器😂,458
63,山东,"[40000.0, 40000.0]",40000.0,,山东工购的cd4已经成为它的武器 山东工购的cd4已经成为它的武器,459
64,山东,"[40000.0, 40000.0]",40000.0,,山东工购因长时间蛄蛹生产加工，导致艾姿发作，当场4了 山东工购因长时间蛄蛹生产加工，导致艾姿发作，当场4了,472
65,山东,[],,多,最后，山东工购在火化的时候，身体里炸出好多密密麻麻的睾完🥚 最后，山东工购在火化的时候，身体里炸出好多密密麻麻的睾完🥚,473
66,山东,"[100.0, 500000.0, 100.0, 500000.0]",250050.0,少,山东工购因产量太大，减少蛄蛹的次数，从一天100到一天50次 山东工购因产量太大，减少蛄蛹的次数，从一天100到一天50次,475
67,江浙沪,[1000000.0],1000000.0,,蛄蛹一次，产1000000个@沼蒂有蛐 @江苏钢生釹win,489
68,江浙沪,"[90000.0, 90000.0]",90000.0,,江苏m9看见它耶和拔跟嘿割蛄蛹才写了蛄蛹者😂 江苏m9看见它耶和拔跟嘿割蛄蛹才写了蛄蛹者😂,495
69,山东,"[30000.0, 30000.0]",30000.0,,山东工购和嘿叔叔和自己亲跌3p 山东工购和嘿叔叔和自己亲跌3p,497
70,山东,[],,少,山东工购的🪱因太短少了一节，被安排到了icu观察 山东工购的🪱因太短少了一节，被安排到了icu观察,519
71,江浙沪,"[3.0, 8.0]",5.5,,能一次性塞3个几8@沼蒂有蛐 @江苏钢生釹win,562
72,山东,"[5000.0, 5000.0]",5000.0,,山东工购只接南通0.5一次 山东工购只接南通0.5一次,568
73,江浙沪,[],,多,@江苏钢生釹win @沼蒂有蛐 真不敢想象你爸爸经历这些，你心里得多煎熬。叔叔为了生活偷渡去非洲，不会外语,587
74,山东,"[40000.0, 0.0, 40000.0, 0.0]",20000.0,,山东工购cd4趋于0 山东工购cd4趋于0,589
75,河南,[500000.0],500000.0,多,从上到下的喊着控制，结果却不减反增而且全国开花。江西今年多地都涨到平均50万了，在省域中特出名，其次河南安徽福建山东等省份部分地区，彩礼也能和江西碰一碰。,595
76,山东,[500000.0],500000.0,多,着控制，结果却不减反增而且全国开花。江西今年多地都涨到平均50万了，在省域中特出名，其次河南安徽福建山东等省份部分地区，彩礼也能和江西碰一碰。,595
77,江西,[500000.0],500000.0,多,当初说控制房地产泡沫一样，越提反而越离谱，彩礼这些年从上到下的喊着控制，结果却不减反增而且全国开花。江西今年多地都涨到平均50万了，在省域中特出名，其次河南安徽福建山东等省份部分地区，彩礼也能和江西碰一碰,595
78,福建,[500000.0],500000.0,多,的喊着控制，结果却不减反增而且全国开花。江西今年多地都涨到平均50万了，在省域中特出名，其次河南安徽福建山东等省份部分地区，彩礼也能和江西碰一碰。,595
79,安徽,[500000.0],500000.0,多,到下的喊着控制，结果却不减反增而且全国开花。江西今年多地都涨到平均50万了，在省域中特出名，其次河南安徽福建山东等省份部分地区，彩礼也能和江西碰一碰。,595
80,福建,"[500000.0, 500000.0]",500000.0,,女子收到50万彩礼后和前男友开房被发现 福建福州一女子收到50万彩礼后被发现，男子痛苦表示我对她掏心掏肺，她对我骗财骗婚。#新闻 #骗婚 #彩礼,596
81,江西,"[388000.0, 688800.0, 20.0]",358940.0,多,我老家江西的，周围人都是彩礼38.8w，68.88w再次的也是20多万嫁出去。没有陪嫁，分三部分，一部分是给父,598
82,河南,"[120.0, 100.0]",110.0,多,彩礼却被保留，甚至变本加厉，是因为男多女少+城乡资源失衡——江西、豫东、皖北等地性别比高达120:100，女方家庭用“市场稀缺”把彩礼变成“竞价排名”,600
83,江西,"[120.0, 100.0]",110.0,多,彩礼却被保留，甚至变本加厉，是因为男多女少+城乡资源失衡——江西、豫东、皖北等地性别比高达120:100，女方家庭用“市场稀缺”把彩礼变成“竞价排名”,600
84,安徽,"[120.0, 100.0]",110.0,多,彩礼却被保留，甚至变本加厉，是因为男多女少+城乡资源失衡——江西、豫东、皖北等地性别比高达120:100，女方家庭用“市场稀缺”把彩礼变成“竞价排名”,600
85,四川,"[30000.0, 10000.0, 40000.0]",26666.666666666668,,会看剧还是看书呀？”。第3天：记住1个“小偏好”并回应她提过“不喜欢吃香菜”，下次聊到外卖时说“这家川菜馆备注‘免香菜’超贴心，你平时点外卖会特意备注忌口吗？”。第4天：用“轻量级表情包”化解冷场聊到话,607
86,西南,"[300000.0, 300000.0]",300000.0,,谈婚论嫁的时候女朋友父母要30万抚养费。贵州农村那边的 谈婚论嫁的时候女朋友父母要30万抚养费。贵州农村那边的,612
87,东三省,[],,多,或者像我们东北这边独生女多，找个独生女结婚，给多少不都是最后还是自己家的？,615
88,华北,[],,少,近期，“山西大同订婚强奸案”在网上引发不少的关注和热议。根据媒体采访男方和男方母亲情况来看，将所有问题都指向了女,625
89,江西,[],,多,彩礼是中国传统的风俗，不只是江西省才有。很多人说江西彩礼贵、 彩礼是中国传统的风俗，不只是江西省才有。很多人说江西彩礼贵、,631
90,河南,[],,多,河南新乡 一般男方去女方家里见家长，带多少礼物合适。求解答，感谢感谢,634
91,江浙沪,"[168000.0, 188000.0]",178000.0,多,因为我爸妈想让我那一年年底就结婚，所以过了几个月我家人就过去她家谈事情了，因为我家做生意的比较殷实，浙江地区车房都已经买好了，当地习俗普遍彩礼都是16.8w 18.8w 二十多万的也有就是很少，当时他母亲,647
92,江浙沪,[],,多,中国很多地方也不需要彩礼（重庆云南那块），哪怕是江苏，你但凡找个家庭条件好的，普通丑胖的正常女性，处的来，人家根本不需要天价彩礼啊，多看看身边人吧。,649
93,西南,[],,多,中国很多地方也不需要彩礼（重庆云南那块），哪怕是江苏，你但凡找个家庭条件好的，普通丑胖的正常女性，处的来，人家根本不需要天价彩礼啊,649
94,江浙沪,"[5.0, 200000.0]",100002.5,,5. 江苏：20万元,652
95,上海,"[6.0, 180000.0]",90003.0,,6. 上海：18万元,652
96,东三省,"[4.0, 200000.0]",100002.0,,4. 辽宁：20万元,652
97,山东,"[7.0, 170000.0]",85003.5,,7. 山东：17万元,652
98,江西,"[1.0, 380000.0]",190000.5,,1. 江西：38万元,652
99,福建,"[2.0, 300000.0]",150001.0,,2. 福建：30万元,652
100,华北,"[10.0, 150000.0]",75005.0,,10. 河北：15万元,652
101,安徽,"[9.0, 160000.0]",80004.5,,9. 安徽：16万元,652
102,天津,"[8.0, 160000.0]",80004.0,,8. 天津：16万元,652
103,江浙沪,"[1000000.0, 100.0, 200.0]",333433.3333333333,多,兄弟们，爱这个人实在是爱的不行了，好奇一问，100万才女在上海够吗？五金在，100多200克左右,658
104,上海,"[1000000.0, 100.0, 200.0]",333433.3333333333,多,兄弟们，爱这个人实在是爱的不行了，好奇一问，100万才女在上海够吗？五金在，100多200克左右,658
105,江浙沪,[350000.0],350000.0,,最近，有传闻称上海某婚介所拒绝接纳35岁以上的大龄剩女，这无疑给这部分群体带来了沉重的打击。事实上，大龄剩女的处境远不,680
106,上海,[350000.0],350000.0,,最近，有传闻称上海某婚介所拒绝接纳35岁以上的大龄剩女，这无疑给这部分群体带来了沉重的打击。事实上，大龄剩女的处境远不,680
107,广东,"[300000.0, 100000.0]",200000.0,少,吗？本人家庭条件真的一般，周围也没有谁的彩礼能到30w的，甚至超过10w的都很少。前女友黑龙江人，我广东人，难道黑龙江那边都是这样的吗？求解,682
108,东三省,"[300000.0, 100000.0]",200000.0,少,不起她更好的吗？本人家庭条件真的一般，周围也没有谁的彩礼能到30w的，甚至超过10w的都很少。前女友黑龙江人，我广东人，难道黑龙江那边都是这样的吗？求解,682
109,江浙沪,[0.0],0.0,,也就是变相的彩礼门槛，明着是0彩礼，但是好好的上海小女不会嫁给面朝黄土的陕北老农民。🌝🌝,687
110,上海,[0.0],0.0,,也就是变相的彩礼门槛，明着是0彩礼，但是好好的上海小女不会嫁给面朝黄土的陕北老农民。🌝🌝,687
111,西北,[0.0],0.0,,也就是变相的彩礼门槛，明着是0彩礼，但是好好的上海小女不会嫁给面朝黄土的陕北老农民。🌝🌝,687
112,河南,"[1.0, 11.0, 29.0, 200000.0]",50010.25,左右,上车费下车费改口费离娘费恩养费等等等等，以前都没听说过，这些年也都出现了，近期居然还出了一个拥抱费。河南平顶山一对相亲认识的情侣，今年1月份正式订婚，计划在11月29日举办婚礼，前前后后给了女方20万左右,720
113,江浙沪,[220000.0],220000.0,,对方是福建的，才聊半小时，要求我给他家还债，听到我说上海无彩礼，来了一句你22岁是上海便宜货，于是我拉黑他了，难不成在外地男人眼里女的一定又要彩礼，又没有彩礼？？,725
114,上海,[220000.0],220000.0,,对方是福建的，才聊半小时，要求我给他家还债，听到我说上海无彩礼，来了一句你22岁是上海便宜货，于是我拉黑他了，难不成在外地男人眼里女的一定又要彩礼，又没有彩礼？？,725
115,福建,[220000.0],220000.0,,对方是福建的，才聊半小时，要求我给他家还债，听到我说上海无彩礼，来了一句你22岁是上海便宜货，于是我拉黑他了，,725
116,广东,[620000.0],620000.0,多,广州、义乌的调研显示，与非洲商人恋爱的中国女性里，62%以为对方“至少来自中产以上家庭” ，事后发现多数,728
117,东三省,"[10000.0, 290000.0]",150000.0,,1月29日，辽宁葫芦岛。金毛在路边虾摊上撒尿，摊主要狗主人买走尿脏的虾，狗主人拒绝，双方发生争执。#葫芦岛 ##金毛,729
118,北京,[],,多,有人说，骗婚现象仅存在农村，且都是低学历女人。其实不然，比如早年轰动一时的北京交大女硕士翟欣欣事件，就被爆有多段婚史。事实是，农村骗婚早已蔓延至城市，毕竟农村骗婚越来越没有市场，,775
119,西北,[],,多,，但婚姻致富思想还得被女人进行了传承，除极少数女人能嫁入豪门外，绝大多数女人只能成为普通人。但这种不甘心的背后，更是加剧了婚姻致富思想越演越烈。这些女人一边通过男人来赚钱，一边又说不需要男人了。让人感到,775
120,西北,"[2018.0, 2023.0]",2020.5,,的，2018年的，（最近的2023年的只有廊坊）农业户口和非农业户口的差异等等。（数据有局限性，例如新疆西藏等等一些省份没有，其他一些省份缺乏近期的，也请给出您当地的具体情况）经济贡献 农村比率，儿子：女,803
121,华北,[90000.0],90000.0,,。记得翟欣欣吗？骗了好几个有钱人，如果不是她太过恶劣、逼死苏享茂而玩脱了，妥妥的成功人士！9级、类似山西大同订婚强奸案——骗子和受害人谈恋爱，平时各种亲昵乃至订婚之类，取得受害人信任，拿到彩礼达到旱涝保收,806
122,华南,[],,多,另外看到有些人说广西等地娶外国老婆多，那是因为那里是边疆地区，女的嫁过来回老家很容易，其他地方可没有这样的条件,815
123,四川,"[1000.0, 1000.0, 2000.0, 10000.0, 1000.0]",3000.0,,本人老家是北方三线城市，我们小县城那边 媒婆介绍一个收费1000，(不管成不成都要1000)，如果最终介绍的成了那就2000-10000，如果介绍的最终走到一起结婚了那就是1000,826
124,广东,[20000.0],20000.0,,2 目前深圳上班 it行业 目前无任何贷款,831
125,西南,[250000.0],250000.0,,我男方 贵州人本地人（年龄25）,831
126,河南,[590000.0],590000.0,少,人结婚，至少有四十个是女方不想过下去了。这个比例确实太高了。婚姻目前成了风险投资，离婚时有59天的犹豫期，还有离婚协议保证。为啥我国不推行结婚协议呢？领证前两个月，男女双方去民政局登记欲结婚，领结婚协议,864
127,河南,"[6.0, 3.0, 30.0, 3.0, 200000.0]",40008.4,,6月3日（报道）河南新乡，30岁男子相亲仅3天花20万闪婚领证后，发现女方亲属都是“演员”，男方：感觉被骗了！#河南# ,870
128,华北,"[985.0, 211.0, 30.0, 400000.0, 20.0]",80249.2,多,清华北大那是天花板了我就不说了，普通985 211的年薪就是30-40万吧，除去税后那就是20多万，在除去,874
129,广东,[28000.0],28000.0,,嫁给一个广州有车有房的本地人 彩礼2.8w，是不被重视吗？也没有婚礼 没有酒席。,875
130,西北,[20000.0],20000.0,,"陕西旬阳新郎官#新娘加价酿悲剧,2万彩礼逼死新郎#",954
131,西南,"[120000.0, 100000.0, 140000.0, 100000.0, 60000.0, 46000.0]",94333.33333333333,,这在个别省份尤为严重，云南，12万本科生中，女生占10万；广西14万本科生里，女生达10万；内蒙古6万本科生中，女生占4.6万,968
132,华北,"[120000.0, 100000.0, 140000.0, 100000.0, 60000.0, 46000.0]",94333.33333333333,,这在个别省份尤为严重，云南，12万本科生中，女生占10万；广西14万本科生里，女生达10万；内蒙古6万本科生中，女生占4.6万。,968
133,华南,"[120000.0, 100000.0, 140000.0, 100000.0, 60000.0, 46000.0]",94333.33333333333,,这在个别省份尤为严重，云南，12万本科生中，女生占10万；广西14万本科生里，女生达10万；内蒙古6万本科生中，女生占4.6万。,968
134,河南,[128000.0],128000.0,,河南一男子称与女方相亲后闪婚，两周后女方携款跑路疑遭骗婚，彩礼给了12.8万，婚内女方还偷吃避孕药，法院,987
135,西南,[],,多,东南亚地区 覆盖面最广，从云南、广西的边民到全国范围寻求务实婚姻的男性，包括许多普通务工者。 经济成本相对可行，且地缘文化相近。东,992
136,华南,[],,多,东南亚地区 覆盖面最广，从云南、广西的边民到全国范围寻求务实婚姻的男性，包括许多普通务工者。 经济成本相对可行，且地缘文化相近。东南亚女,992
137,江浙沪,"[20000.0, 20000.0]",20000.0,,上海独生女继承2亿遗产后被离婚 上海独生女继承2亿遗产后被离婚,994
138,上海,"[20000.0, 20000.0]",20000.0,,上海独生女继承2亿遗产后被离婚 上海独生女继承2亿遗产后被离婚,994
139,山东,"[6000.0, 8000.0]",7000.0,多,兄弟们，结婚挂门帘现在都是给多少钱，山东菏泽，为啥听说是6k，8k啊,1012
140,北京,[20000.0],20000.0,多,但这几天参加培训的时候，一位从北京来的教授跟我们闲聊，聊到彩礼问题：“问我们这儿十八线小县城彩礼多少？”下面的好多女生异口同声的回答2,1015
141,华北,"[200000.0, 200000.0]",200000.0,少,今天刚知道山西的十八线小县城都要至少20万彩礼 今天刚知道山西的十八线小县城都要至少20万彩礼,1015
142,华北,[],,多,山西大同那个案子无意间暴露了一个问题，在阳高县是男多女少，那些说相亲市场女多男少的出来走几步。,1040
143,北京,[],,多,各地政府的成人仪式，大多在市民礼堂举行。但是也有别出心裁的政府，譬如东京迪士尼乐园所在的千叶县舞浜市，最近十几年，都在迪士尼乐园为该市的年轻人举行成人仪式。而成田国际机场所,1042
144,江浙沪,[],,多,又兴起了一个国际结婚热潮，这次不是日本女性嫁给美国大兵，而是日本光棍们去菲律宾、泰国和中国寻找美女。上海曾经出现过一百多名渴望出国的年轻女性被一位日本农民挑三拣四的故事。,1049
145,上海,[],,多,又兴起了一个国际结婚热潮，这次不是日本女性嫁给美国大兵，而是日本光棍们去菲律宾、泰国和中国寻找美女。上海曾经出现过一百多名渴望出国的年轻女性被一位日本农民挑三拣四的故事。,1049
146,江西,[288000.0],288000.0,多,看到不少吧贴，都说结婚彩礼有十多万，二十多万的。有同事同学，江西南昌的去年结婚，彩礼是28.8万。海南这边彩礼相对这些来说少很多，可能也有很多的，只是没有接触到，房,1052
147,西南,[288000.0],288000.0,多,看到不少吧贴，都说结婚彩礼有十多万，二十多万的。有同事同学，江西南昌的去年结婚，彩礼是28.8万。海南这边彩礼相对这些来说少很多，可能也有很多的，只是没有接触到，房子,1052
148,华南,[288000.0],288000.0,多,看到不少吧贴，都说结婚彩礼有十多万，二十多万的。有同事同学，江西南昌的去年结婚，彩礼是28.8万。海南这边彩礼相对这些来说少很多，可能也有很多的，只是没有接触到，房子车子这边也没什么要求。有时候也觉得很,1052
149,江浙沪,[],,多,转账加起来也有两万，不说逢年过节发的红包（两万或许不多，可是对于一个高中毕业，一个月工资两三千又是在上海的我来说，已经很难了），她即使用这十分之一给我添个嫁妆我也不会嫩难过，以前我一直是个乖乖女，他们说什,1081
150,上海,[],,多,转账加起来也有两万，不说逢年过节发的红包（两万或许不多，可是对于一个高中毕业，一个月工资两三千又是在上海的我来说，已经很难了），她即使用这十分之一给我添个嫁妆我也不会嫩难过，以前我一直是个乖乖女，他们说什,1081
151,江浙沪,[10000.0],10000.0,,1.上海外地打工女，去上海打工的女人都不能娶，本地女人都可以娶不过她们要颜值高和有学历的。,1082
152,上海,[10000.0],10000.0,,1.上海外地打工女，去上海打工的女人都不能娶，本地女人都可以娶不过她们要颜值高和有学历的。,1082
153,广东,[30000.0],30000.0,多,3.广东女，广东这个地方是贫富差距最大的地方，所以很多女人就纯纯靠骗钱。,1082
154,江西,[20000.0],20000.0,,2.江西女，你想想看那些江西女在网络上都这么疯狂现实中呢？？,1082
155,西南,[40000.0],40000.0,多,4.重庆女，重庆这个地方女人跟广东差不多，重庆省太大，市区就那么几个，一个省的人都想住那里造成了极度的坏,1082
156,江浙沪,"[380000.0, 320.0]",190160.0,,女朋友家里彩礼38万还不算到时候车房问题她母亲在浙江当小老板父亲在别的公司是小领导家里条件算优越的了我爸一天工资也才320我母亲在夜市当商贩现在生意好的,1086
157,北京,[10001.0],10001.0,一般,北京彩礼一般10001块。取万里挑一的意思。北京是全国最特殊的城市了吧。彩礼很低。陪嫁超高，女方家不但不要求彩礼，有条件的还陪房陪车。所以过去管女儿,1087
158,河南,"[93000.0, 93000.0]",93000.0,,我男朋友河南的，我内蒙古的，现在准备结婚，房子贷款9.3万， 我男朋友河南的，我内蒙古的，现在准备结婚，房子贷款9.3万，,1088
159,华北,"[93000.0, 93000.0]",93000.0,,我男朋友河南的，我内蒙古的，现在准备结婚，房子贷款9.3万， 我男朋友河南的，我内蒙古的，现在准备结婚，房子贷款9.3万，,1088
160,东三省,[],,少,为何东北三省彩礼很少 为何东北三省彩礼很少,1094
161,江西,[],,多,请问谁知道江西省 吉安市的彩礼大概是多少啊？ 请问谁知道江西省 吉安市的彩礼大概是多少啊？,1104
162,江浙沪,[180000.0],180000.0,,近日，浙江省台州市黄岩区人民法院审理了一起因彩礼引起的保管合同纠纷案，女儿起诉父母返还彩礼18万元，法院判决由,1111
163,北京,"[880000.0, 10000.0, 300000.0, 7.0, 8.0]",238003.0,多,和男朋友在一起三年家里要88w彩礼过分吗先说说本人条件海归本硕美国留学一年北京人目前在杭州做销售月入大概1w多男朋友是安徽的杭州没房收入大概就30w一年本人颜值大概7 8分的样子,1113
164,安徽,"[880000.0, 10000.0, 300000.0, 7.0, 8.0]",238003.0,多,家里要88w彩礼过分吗先说说本人条件海归本硕美国留学一年北京人目前在杭州做销售月入大概1w多男朋友是安徽的杭州没房收入大概就30w一年本人颜值大概7 8分的样子吧头像就是本人他家里不给这彩礼是不是渣男,1113
165,北京,[],,一般,有北京人能解答下北京当地家庭女方一般要财礼吗 有北京人能解答下北京当地家庭女方一般要财礼吗,1119
166,西北,"[80.0, 6.0, 3000000.0, 26.0]",750028.0,,w；弟弟还在读高三；爷爷奶奶快80了没有养老金，奶奶脑梗半瘫快6年了，是我爷爷在照顾。我男朋友父母在西北地区做生意，他们未来都有退休金。给我男朋友在我这个ip的二线城市买了一套300w的房子，还有一辆26,1137
167,西南,"[3000000.0, 260000.0, 6.0, 7000.0]",816751.5,左右,金。给我男朋友在我这个ip的二线城市买了一套300w的房子，还有一辆26w的车，他们自己在西北地区、西南地区还有三套房，未来在哪里养老还没定。我男朋友目前到手6~7k左右。我已经见了他父母，我父母也见了他,1137
168,安徽,"[150000.0, 11.8, 300000.0]",150003.93333333332,,家情况，县城房子基本上没贷款了，15万的车，五一谈彩礼时候，她妈要求11.8彩礼（我们那确实正常价（安徽），能接受本身我也不是计较的人），然后五金啥的这些我全部能接受。重点来了，她妈要求给她30万存着以后,1142
169,广东,"[3.0, 2.0, 30000.0, 8000.0, 30000.0]",13601.0,一般,这样手段的！再再再问就是离异的，大我3的，一般的，礼金2+戒指项链这样同等于3万，会不会高。因为我是广东省韶关市这边的。彩礼首也就是8千到3万！,1170
170,北京,[180.0],180.0,,斯女孩有缘分呢？按照国女仙女思维，女方180+女神身高身材好，莫斯科户口家里有房有车（对标国内帝都籍京爷)，一个广东穷农村出来的哪来的资本碰瓷？,1174
171,广东,"[181.0, 0.0]",90.5,,广东雷州农村精神小伙，在国内就是普信男，要是一直执着于国内，怎么可能会和脱鞋181长腿00后俄罗斯女孩有,1174
172,东三省,[],,多,下。还要在市里边住。女孩子都是这种条件。如果你达不到这种条件，那就甭谈了。都这样的。不是女孩子苛刻。东北独生子女比较多。谁不希望自己的孩子嫁给个好人家过好日子？谁愿意和你共同奋斗几十年。黄瓜菜都凉了。要养,1189
173,华北,"[260000.0, 260000.0]",260000.0,多,河北  离过婚带个孩子要彩礼26w多不多 河北  离过婚带个孩子要彩礼26w多不多,1190
174,华北,"[200000.0, 200000.0, 100.0]",133366.66666666666,多,以前跟我聊天开玩笑语气说的是20万，但我对20万并没有什么概念，就像小时候家长们也会对孩子说以后考清华北大，实际上考不上，再给我100多分也考不上只考了一个普通本科,1192
175,西北,[],,多,为什么很多男的怕老婆？要上交工资？在家里没啥地位，男人真的想这样吗？除去一部分确实是心甘情愿的，感觉很多都是受到女方的胁迫吧！,1207
176,江浙沪,"[500000.0, 500000.0]",500000.0,,上海彩礼50万很低吗？ 上海彩礼50万很低吗？,1208
177,上海,"[500000.0, 500000.0]",500000.0,,上海彩礼50万很低吗？ 上海彩礼50万很低吗？,1208
178,西北,"[10.0, 160000.0]",80005.0,,本人陕西 对象平顶山，我俩自由恋爱一年异地，目前在谈彩礼，(她家里一直嫌太远)我们这边结婚彩礼是10-16w,1228
179,湖南,[200000.0],200000.0,,湖南新娘收了20万彩礼后，婆家立刻要求她辞掉县城教师工作：“拿了钱就得在家生娃带公婆。”这种逻辑藏着残酷,1230
180,江西,[680000.0],680000.0,,娘家以“养你这么大”为由索要彩礼，本质是将女性视为“家庭资源提款机”。江西某县调研显示，68%的彩礼最终流向儿子婚房首付，女儿婚后回娘家借钱时，却常被骂“泼出去的水”。,1230
181,西北,"[2.0, 150000.0, 5.0]",50002.333333333336,,2. 婚后经济绑架：甘肃某女工想离婚，婆家威胁“不还钱就告你”，她只能继续忍受家暴，因为15万彩礼相当于她5年工资。,1230
182,江浙沪,"[1945.0, 80000.0, 80000.0, 80000.0, 80000.0]",64389.0,,1945年8月8日，上海发起了庆祝父亲节的活动，市民立即响应，抗战胜利后，上海各界名流，联名请上海市政府转呈中央政府，定“爸爸 ”谐音的8月8日为全国性的父亲节，在父亲节这天，人们佩带鲜花，表达对父,1276
183,上海,"[1945.0, 80000.0, 80000.0, 80000.0, 80000.0]",64389.0,,1945年8月8日，上海发起了庆祝父亲节的活动，市民立即响应，抗战胜利后，上海各界名流，联名请上海市政府转呈中央政府，定“爸爸 ”谐音的8月8日为全国性的父亲节，在父亲节这天，人们佩带鲜花，表达对父,1276
184,江西,[],,多,东西，越是重男轻女的地方才高。知道重男轻女的地方。当初杀了多少女婴吗？我跟你们说一个我的童年阴影，我江西人，我小时候偷看过我奶奶杀自己的孙女，知道为什么杀她！因为计划生育留她，就不能再生儿子了，罚款交不起,1324
185,广东,"[990000.0, 170.0, 110.0]",330093.3333333333,,②99年女，华中师范大学硕士，未婚，170高，110重。人在深圳，私企会计。,1330
186,湖北,"[910000.0, 168.0, 105.0]",303424.3333333333,,①91年女，湖北工业大学博士，未婚，168高，105重。人在武汉。。。私企老板。,1330
187,福建,[188000.0],188000.0,,在福建某个县城～不要求男方买车买房～18.8万彩礼带回～还会给男方买金项链～陪嫁几床被子 发个贴是不是会被,1331
188,广东,"[128000.0, 3.0]",64001.5,,我出生在广东一个重男轻女的家庭 去年我高中毕业就不读了 今年想跟我男朋友结婚 他家那边都彩礼是12.8w+3金 ,1341
189,西北,[150000.0],150000.0,左右,化意义与家庭期望。然而，在婚姻关系仅存续两个月左右后双方便离婚的情况下，彩礼该如何进行返还呢？近日，陕西省城固县人民法院审结了一起婚约财产纠纷案，判决被告李某返还原告张某15万元。,1358
190,河南,"[100000.0, 5.0, 90.0]",33365.0,多,了10万块。在一起也一年多了，也确定好婚期是明年的5月份。但是他还是不愿意回来，问到这个问题都是犹犹豫豫说的不明确。#中美相互关税90天内暂停实施##让丁真演戏的人真是个天才#彩礼#订婚,1386
191,华南,"[2.0, 30000.0, 2.0, 30000.0]",15001.0,多,大家结婚都花了多少彩礼，我广西给2-3万算正常吗？ 大家结婚都花了多少彩礼，我广西给2-3万算正常吗？,1394
192,湖南,"[2023.0, 20000.0, 10000.0, 2023.0, 20000.0, 70000.0, 170000.0]",42006.57142857143,,健院检查身体，并拿婚检报告，检查出子宫肌瘤，并由2023年2月1日去娄底三医院做检查，医生推荐去长沙湘雅医院去做更进一步的检查。原告与被告于2023年2月7日（正月17）到达湘雅三医院，做一系列常规检查,1399
193,江西,"[30.0, 600000.0, 400000.0, 30.0, 600000.0, 400000.0]",333343.3333333333,普遍,江西现在普遍是30—60万彩礼，我这个条件40万彩礼符合吗 江西现在普遍是30—60万彩礼，我这个条件40万彩礼符合吗,1409
194,北京,"[80000.0, 51000.0]",65500.0,,姑父去世8年，姑妈在北京扫街，本来孤儿寡母艰难。5.1找个河南的结婚了。,1417
195,湖南,"[280000.0, 260000.0, 8.0]",180002.66666666666,多,方多少钱，要是男生要是对她不好也不可能谈五年，这个女生是河北的我想问问兄弟们河北正常彩礼多少，反正我湖南的我觉得28万已经是高价了，再说男方已经给了26万8了还会差这两万吗？你们还说不是卖女儿，要是男方对,1418
196,华北,"[280000.0, 260000.0, 8.0]",180002.66666666666,多,了，你自己都知道谈了五年，且不说五年来花了男方多少钱，要是男生要是对她不好也不可能谈五年，这个女生是河北的我想问问兄弟们河北正常彩礼多少，反正我湖南的我觉得28万已经是高价了，再说男方已经给了26万8了还,1418
197,北京,[20.0],20.0,,，但是他就会要在你们面前壮阔，哎呦喂，iphone啊，我不屑于用，罕见才用。aj就是智商税狗都不穿，北京烤鸭？傻子才吃，不如街头20块烤鸭。,1419
198,江浙沪,[970000.0],970000.0,一般,结婚证就是给我的仪式感，我97年的没有恋爱史婚姻史，目标是找个八零后离过婚带孩子的外地男人，就是除了江苏的，我自个想生五个孩子，最起码两个儿子。希望对方颜值高身材好，家境一般就行，工作工资都没有要求，也不,1421
199,江浙沪,"[8.0, 188000.0, 8.0]",62672.0,,相恋8年的情侣因18.8万彩礼谈不拢，最终选择分手，令人唏嘘。浙江宁波的张女士与男友小吴相恋8年，两人感情一直很好，但谈婚论嫁时却因彩礼问题产生争执。张女士希望男方能,1427
200,东三省,[],,多,东北旅游风口如虹，女性遭恶评，网友揭秘：她们到底哪来的那多钱 东北旅游风口如虹，女性遭恶评，网友揭秘：她们到底哪来的那多钱,1433
201,西北,"[188000.0, 188000.0]",188000.0,多,这种情况要18.8算很多吗#彩礼##陕西彩礼#因为彩礼婚俗跟舍友大吵了一架##彩礼18.8,1464
202,西北,"[100000.0, 100000.0, 200000.0]",133333.33333333334,,也是一无所有的年纪，奋斗个10来年。幸运的话10来年后有钱了。可人到中年的我们，找个年龄相近的心有不甘。想找个年轻的弥补早已远去的青春。可身边的小鲜肉是为了我们的钱而表演真爱的感情戏！ 20来岁小鲜肉又,1482
203,河南,[590000.0],590000.0,,河南一场婚礼上，公公给儿媳59克黄金当改口红包，这事儿直接火出圈了。,1484
204,四川,"[10001.0, 9999.0, 888.0, 8888.0]",7444.0,少,红包常见的是10001元寓意万里挑一，9999元寓意长长久久 ，像这种直接上黄金的，还真是少见。比如四川重庆等地，普通家庭一般给888元，条件好点的给8888元，图个彩头。,1484
205,西南,"[10001.0, 9999.0, 888.0, 8888.0]",7444.0,少,常见的是10001元寓意万里挑一，9999元寓意长长久久 ，像这种直接上黄金的，还真是少见。比如四川重庆等地，普通家庭一般给888元，条件好点的给8888元，图个彩头。,1484
206,西北,[188000.0],188000.0,多,对这种彩礼传统不太了解求科普这种情况要18.8算很多吗#彩礼#陕西彩礼##彩礼,1487
207,北京,"[500.0, 110000.0, 0.0, 500.0, 110000.0, 0.0]",36833.333333333336,,我为什么找个京二环美女，世界500强，比我小11岁，0彩礼的媳妇 我为什么找个京二环美女，世界500强，比我小11岁，0彩礼的媳妇,1498
208,江西,[380000.0],380000.0,多,网上说什么江西38w，这明显刻板印象，江西的朋友说一下到底多少,1504
209,江浙沪,"[40000.0, 110.0]",20055.0,一般,这张图已经给出答案了，重男的地区一般经济不都不会太差，而且还会出现特别强的省，就像图片中广东，江苏，浙江，山东，全是包了全国经济排行前4名的省，这些省都有个共同点，就是男婴占比都达到110以上,1621
210,广东,"[40000.0, 110.0]",20055.0,一般,这张图已经给出答案了，重男的地区一般经济不都不会太差，而且还会出现特别强的省，就像图片中广东，江苏，浙江，山东，全是包了全国经济排行前4名的省，这些省都有个共同点，就是男婴占比都达到110以上,1621
211,山东,"[40000.0, 110.0]",20055.0,一般,已经给出答案了，重男的地区一般经济不都不会太差，而且还会出现特别强的省，就像图片中广东，江苏，浙江，山东，全是包了全国经济排行前4名的省，这些省都有个共同点，就是男婴占比都达到110以上,1621
212,江西,"[218000.0, 218000.0]",218000.0,,江西赣州会昌彩礼21.8万 江西赣州会昌彩礼21.8万,1638
213,西南,"[510000.0, 510000.0]",510000.0,多,51去贵州参加婚礼，亲姐需要准备多少钱红包？ 51去贵州参加婚礼，亲姐需要准备多少钱红包？,1677
214,四川,"[2025.0, 2025.0]",2025.0,多,陕西宜川彩礼是多少（2025年，彩礼风俗）？ 陕西宜川彩礼是多少（2025年，彩礼风俗）？,1679
215,西北,"[2025.0, 2025.0]",2025.0,多,陕西宜川彩礼是多少（2025年，彩礼风俗）？ 陕西宜川彩礼是多少（2025年，彩礼风俗）？,1679
216,华南,"[80000.0, 8.0, 21.0, 6.0]",20008.75,多,你们彩礼多少呢，我要8万8八过分吗？本人女，广西人，21，男朋友比我大6岁，还算心疼人，只要不触碰底线就不会发脾气。交往四年了，他有个大一岁的姐姐，,1684
217,广东,"[220000.0, 985.0, 173.0, 110.0]",55317.0,,背景：男主：我，今年22岁，本科毕业于某985，目前在广州某国企工作，173/110；,1693
218,江西,[800000.0],800000.0,,个待遇太看不起女方了，应该走“认亲”程序，应该携带父母和红包若干。男方父母看重这件事，本来计划初二去江西看望老丈人（800km+），都推迟了此次计划，并临时换现金若干，提前了解女方习俗，初二这天登门拜访，,1693
219,华北,"[220000.0, 15000.0, 30000.0, 155.0, 105.0]",53052.0,大概,女主：今年22岁，本科毕业于某新晋双一流，目前在东莞某私企，到手薪资大概在我的1.5～3倍，155/105，年后辞职全职考研；,1693
220,北京,"[25.0, 10000.0, 2.0]",3342.3333333333335,多,帅哥：我才毕业没多久，现在25岁。没房没车，月薪1万2。北京的房子好贵啊，我不能为了自己的幸福，榨干父母几十年的积蓄，这样显得不孝又没有上进心！但我相信我的上进,1699
221,江浙沪,"[250000.0, 200000.0, 240000.0]",230000.0,,我今年25，广西人，20年开始在南宁读大学，24年本科毕业，目前在考编。家里有个双胞胎妹妹，在上海工作。父母是编制内，家里在县城有四套商品房，父母离异未婚。,1703
222,上海,"[250000.0, 200000.0, 240000.0]",230000.0,,我今年25，广西人，20年开始在南宁读大学，24年本科毕业，目前在考编。家里有个双胞胎妹妹，在上海工作。父母是编制内，家里在县城有四套商品房，父母离异未婚。,1703
223,湖北,"[27.0, 5.0, 5000.0, 30000.0, 5000.0]",8006.4,左右,我对象今年27，湖北贫困县独生子，5年前本科毕业来南宁工作，月入5k左右，目前存款3万。他父母工资每月不到5k，没社保公,1703
224,华南,"[250000.0, 200000.0, 240000.0]",230000.0,,我今年25，广西人，20年开始在南宁读大学，24年本科毕业，目前在考编。家里有个双胞胎妹妹，在上海工作。父母是编制内,1703
225,江浙沪,"[260000.0, 260000.0]",260000.0,,上海26万彩礼这个事情结束了 上海26万彩礼这个事情结束了,1705
226,上海,"[260000.0, 260000.0]",260000.0,,上海26万彩礼这个事情结束了 上海26万彩礼这个事情结束了,1705
227,湖南,"[188000.0, 188000.0]",188000.0,,认识了个湖南对象，要彩礼18.8w 认识了个湖南对象，要彩礼18.8w,1713
228,江西,"[29.0, 160.0, 7.0, 4200.0, 40000.0]",8879.2,,男，29岁，身高160，学历初中，江西上饶，未婚先孕有一个7岁儿子，收入4200+，无房无车，负债4万，预计今年还清，性格阳光开朗，不会做,1722
229,西北,[],,多,，重男轻女。其实江西老表大部分都是普通家庭，很多钱都是父母借的，女的不肯给男方父母还债，男的父母也心甘情愿的，不知道为啥还有那么多媳妇说婆婆公公不好的。,1813
230,江西,"[29.0, 160.0, 7.0, 4200.0, 40000.0]",8879.2,,男，29岁，身高160，学历初中，江西上饶，未婚先孕有一个7岁儿子，收入4200+，无房无车，负债4万，预计今年还清，性格阳光开朗，不会做,1817
231,福建,[],,少,和中小城市草鸡男彻底不用纠结彩礼了，也不用嘚瑟他们那里彩礼少了，因为没有女孩了，彩礼送不出去了。就像福建莆田一样，经济发达，但是彩礼动辄六七十万，关键是这么高的彩礼还没有女孩，彩礼送不出去。,1902
232,东三省,[],,大概,本人男江西南昌人。 女朋友哈尔滨人独生女。今天过年来了哈尔滨现在还没走。 对象家庭关系比较特殊。爷爷奶奶离婚。父母欠一屁股饥荒。大概五十万以上。 家里有套老破小,1906
233,安徽,"[400000.0, 800000.0, 20.0, 5.0, 70000.0, 20.0, 60.0]",181443.57142857142,左右,听说老家安徽阜阳，农村一套房40万左右，城里一套80万左右，车20以上，5金7万左右，彩礼20-60,1907
234,北京,[380000.0],380000.0,,-广州发展不好，38岁到了北京工作。为了省钱租住在燕郊，想着省下来的钱必要时候就买套房子。,1908
235,湖南,[170000.0],170000.0,,我也说个炸裂的。零几年时，认识个17岁的湖南小女孩，同事偶然发现她肚子上居然有妊娠纹？后来听她说，她在家里排行第三，上面有一个哥哥一个姐姐。因她,1923
236,河南,"[280000.0, 985.0]",140492.5,,首先恭喜这位河南顺直惹，终于舔到我表姐这个28岁的老985我就说学历能赚钱吧，五金彩礼改口费酒席都被这个小顺直包了，,1931
237,江浙沪,[],,少,如图，上海女人的外嫁数量逐年减少。,1932
238,上海,[],,少,如图，上海女人的外嫁数量逐年减少。,1932
239,广东,"[6000.0, 8000.0, 4000.0, 5000.0]",5750.0,多,我在这个吧里想起了一些往事，有些人吹广东那边月入6k至8k且轻松过万不是事，这不是事实。我看过海外油管子很多报道，顶多工厂普工4千5千，上六,1954
240,北京,"[1.0, 2.0, 12.0, 99000.0, 1.0, 27.0]",16507.166666666668,,朋友说：“你知道最绝的是什么吗？春晚同款g1机器人，2月12号突然在京东开卖，标价9.9万！结果我还没下单呢，页面就没了。”我专门上网查了信息，这机器人身高1米27（比我,1955
241,江西,"[380000.0, 8.8, 88000.0, 380000.0, 8.8, 88000.0]",156002.93333333335,,江西女生外嫁的费用，彩礼38w，恩养费8.8，离娘费8.8w 江西女生外嫁的费用，彩礼38w，恩养费8.8，离娘费8.8w,1962
242,江西,"[188000.0, 188000.0]",188000.0,,兄弟们，最近问了一个江西的女生，她说18.8w的彩礼不贵，我对此抱有怀疑态度，而且还有女生说，你连18.8w都掏不出来，就不,1980
243,华南,"[600.0, 130000.0, 10000.0]",46866.666666666664,,女方广西的，女方属于远嫁600公里，自谈在一起一年时间，女方未婚先孕，孕13周，女方有弟弟，女方父母要彩礼1,1989
244,山东,[],,多,蠢猪急了啊？就没见过哪个男的让女的倒贴彩礼，就是有那种高学历高资产的倒插门上门女婿，人家也看不上你。山东也就菏泽那边彩礼多，青岛这种新一线彩礼基本十万左右，基本上大部分人的想法就是男方出十几万彩礼，倒贴不,1990
245,江西,[],,少,江西女生真的很少下嫁外地男 江西女生真的很少下嫁外地男,1994
246,湖南,[],,多,男女方年纪差不多，湖南三四线城市（参考地区衡阳、益阳、岳阳）,2004
247,山东,"[2017.0, 88000.0, 2017.0, 88000.0]",45008.5,,2017年结婚，彩礼8.8万，坐标山东济宁 2017年结婚，彩礼8.8万，坐标山东济宁,2008
248,江西,[10000.0],10000.0,,### 1. **传统观念影响** - **婚姻观念**：江西部分地区仍保留浓厚的传统婚姻观念，彩礼被视为男方家庭对女方家庭的尊重和补偿，甚至成为衡量婚姻价值的标,2009
249,江浙沪,"[300000.0, 600000.0, 300000.0, 600000.0]",450000.0,,江苏30w到60w彩礼贵嘛 江苏30w到60w彩礼贵嘛,2043
250,江西,"[300000.0, 80000.0, 300000.0, 80000.0]",190000.0,,娶江西女生的标配，30万彩礼+8万恩养费 娶江西女生的标配，30万彩礼+8万恩养费,2060
251,北京,"[34.0, 500000.0, 34.0, 500000.0]",250017.0,,34岁江西女孩，北京事业单位工作，50w彩礼高吗？只找北京土著 34岁江西女孩，北京事业单位工作，50w彩礼高吗？只找北京土著,2061
252,江西,"[34.0, 500000.0, 34.0, 500000.0]",250017.0,,34岁江西女孩，北京事业单位工作，50w彩礼高吗？只找北京土著 34岁江西女孩，北京事业单位工作，50w彩礼高吗？只找北京土著,2061
253,江西,[],,多,江西女生相亲遇到了一个公务员，多少彩礼合适？ 江西女生相亲遇到了一个公务员，多少彩礼合适？,2063
254,河南,[],,多,可怜，河南又为彩礼杀三人，每年每月都有为彩礼杀人的，那么没杀人的恶性事件必多百倍，为彩礼伤害感情的事件更是千倍,2065
255,山东,"[1300.0, 1300.0]",1300.0,多,从山东到湖北只身奔赴1300多公里，三万彩礼拿捏老丈人你做到了 从山东到湖北只身奔赴1300多公里，三万彩礼拿捏老丈人你做到了,2066
256,湖北,"[1300.0, 1300.0]",1300.0,多,从山东到湖北只身奔赴1300多公里，三万彩礼拿捏老丈人你做到了 从山东到湖北只身奔赴1300多公里，三万彩礼拿捏老丈人你做到了,2066
257,湖南,[680000.0],680000.0,多,我们认识四年了，在一起有一年多。想今年结婚，女朋友要彩礼68万，房子要在湖南买，我家里是河北的。家里也拿不出那么多钱，最少要一百万一共。唉，这婚还结的起么,2067
258,华北,[680000.0],680000.0,多,我们认识四年了，在一起有一年多。想今年结婚，女朋友要彩礼68万，房子要在湖南买，我家里是河北的。家里也拿不出那么多钱，最少要一百万一共。唉，这婚还结的起么,2067
259,江西,[],,多,江西美女才女多，彩礼高不是应该的？ 江西美女才女多，彩礼高不是应该的？,2072
260,江西,"[910000.0, 910000.0]",910000.0,多,91年江西女生，今年考上公务员，多少彩礼合适？ 91年江西女生，今年考上公务员，多少彩礼合适？,2106
261,广东,"[5.0, 20000.0]",10002.5,大概,右，也是大专学历，然后家是在乡镇街道的（绝对没有歧视哈，毕竟我们也是05年从乡镇搬到城里的），父母在广东打工月收入大概有2万，家里还有一个读初一的弟弟。,2114
262,四川,"[950000.0, 220000.0, 3000.0]",391000.0,大概,各位兄弟姐妹们，我先说一下我和我对象的大概情况：我是95年的，现在22岁，在四川一小县城的国企上班，每个月工资税后才3000左右，大专学历（很后悔当初没有认真学习），父亲是一名公务,2114
263,华南,"[2005.0, 140.0, 2019.0, 100.0]",1066.0,大概,是2005年买的，三室一厅，140平方，在县城中心，上学、娱乐之类的很方便；另一套是2019年买的碧桂园，大概100平方，也是三室一厅，房贷今年就还完）。但是没有说在我结婚的时候过户一套给我（因为我也是,2114
264,江西,"[680000.0, 880000.0, 680000.0, 880000.0]",780000.0,普遍,江西漂亮女生普遍都是68w、88w彩礼 江西漂亮女生普遍都是68w、88w彩礼,2126
265,江浙沪,[],,多,那些在上海打扮的花枝招展的女人多半是j 那些在上海打扮的花枝招展的女人多半是j,2130
266,上海,[],,多,那些在上海打扮的花枝招展的女人多半是j 那些在上海打扮的花枝招展的女人多半是j,2130
267,山东,[88000.0],88000.0,,，8.8都天花板了。下边的县城彩礼一个比一个高。都天价了。但是很我菏泽有啥关系呢。为什么什么好事都是山东曹县，山东郓城，山东巨野。山东定陶。坏事就成了菏泽郓城，菏泽巨野，菏泽定陶。,2137
268,江浙沪,[288000.0],288000.0,,江西女朋友，要彩礼28.8，家里独生女，父母都体制内的，应该家境还可以。我师傅直接告诉他儿子，要么找上海女孩儿，要么我给你送出去你给我找个洋妞取回来，你要是敢找这个外地姑娘，结婚前家里一分钱不帮你出，我和,2143
269,上海,[288000.0],288000.0,,江西女朋友，要彩礼28.8，家里独生女，父母都体制内的，应该家境还可以。我师傅直接告诉他儿子，要么找上海女孩儿，要么我给你送出去你给我找个洋妞取回来，你要是敢找这个外地姑娘，结婚前家里一分钱不帮你出，我和,2143
270,江西,"[220000.0, 288000.0]",254000.0,,我单位里的师傅，本地人，儿子22岁，找了个江西女朋友，要彩礼28.8，家里独生女，父母都体制内的，应该家境还可以。我师傅直接告诉他儿子，要么找上海,2143
271,河南,"[20.0, 20.0]",20.0,多,彩礼分两种，大家别搞混了我河南彩礼也20多万，但这种一般结过 彩礼分两种，大家别搞混了我河南彩礼也20多万，但这种一般结过,2146
272,江浙沪,"[200000.0, 2500.0, 30.0, 150000.0]",88132.5,少,20万彩礼，浙江办酒中配2500左右一桌大概至少要30桌。婚房装修要15万左右,2166
273,江西,"[91.0, 600000.0, 91.0, 600000.0]",300045.5,,91年江西女生，正在考编，60w彩礼高吗？ 91年江西女生，正在考编，60w彩礼高吗？,2189
274,江西,[],,多,这样条件的江西女生，彩礼多少合适？ 这样条件的江西女生，彩礼多少合适？,2200
275,江西,"[890000.0, 30000.0, 890000.0, 30000.0]",460000.0,,追了89年江西妹子3个月，这是聊天记录，没戏了？ 追了89年江西妹子3个月，这是聊天记录，没戏了？,2226
276,福建,"[588000.0, 588000.0]",588000.0,,福建彩礼58.8个正常吗？ 福建彩礼58.8个正常吗？,2229
277,江西,"[890000.0, 890000.0]",890000.0,,89年江西女生，正厅级单位工作，能匹配什么层次的对象？ 89年江西女生，正厅级单位工作，能匹配什么层次的对象？,2240
278,西南,"[890000.0, 100000.0, 340000.0, 164.0, 540000.0]",374032.8,,89年10月出生，现年34岁，江西南昌人，事业编制，在部委直属事业单位工作，单位正厅级，164/54，能匹配到什么层次的对象？特别优秀的,2240
279,江西,"[300000.0, 300000.0]",300000.0,,一个男人到30岁还没攒够娶江西女生的钱，是不是没前途？ 一个男人到30岁还没攒够娶江西女生的钱，是不是没前途？,2246
280,山东,"[1972.0, 153.0]",1062.5,,楼主，1972年生，153高，乌鲁木齐人，汉族，初次头婚，洗浴中心助浴区副区长。,2283
281,江浙沪,"[120000.0, 160000.0]",140000.0,,12月16日江苏淮安 ，一男子无意间刷到妻子和别人婚礼视频，而且妻子并未跟自己离婚 #社会百态#婚姻#毁三观#他真的,2300
282,江浙沪,[210000.0],210000.0,,院同意民政部将内地居民婚姻登记“跨省通办”试点扩大。调整后，在北京、天津、河北、内蒙古、辽宁、上海、江苏、浙江、安徽、福建、江西、山东、河南、湖北、广东、广西、海南、重庆、四川、陕西、宁夏等21个省（自治,2308
283,北京,[2023.0],2023.0,,，将不会再有地域限制。2023年，国务院同意民政部将内地居民婚姻登记“跨省通办”试点扩大。调整后，在北京、天津、河北、内蒙古、辽宁、上海、江苏、浙江、安徽、福建、江西、山东、河南、湖北、广东、广西、海南、,2308
284,上海,[210000.0],210000.0,,，国务院同意民政部将内地居民婚姻登记“跨省通办”试点扩大。调整后，在北京、天津、河北、内蒙古、辽宁、上海、江苏、浙江、安徽、福建、江西、山东、河南、湖北、广东、广西、海南、重庆、四川、陕西、宁夏等21个省,2308
285,广东,[210000.0],210000.0,,大。调整后，在北京、天津、河北、内蒙古、辽宁、上海、江苏、浙江、安徽、福建、江西、山东、河南、湖北、广东、广西、海南、重庆、四川、陕西、宁夏等21个省（自治区、直辖市）实施结婚登记和离婚登记“跨省通办”试,2308
286,东三省,"[230000.0, 20000.0]",125000.0,,23年，国务院同意民政部将内地居民婚姻登记“跨省通办”试点扩大。调整后，在北京、天津、河北、内蒙古、辽宁、上海、江苏、浙江、安徽、福建、江西、山东、河南、湖北、广东、广西、海南、重庆、四川、陕西、宁夏等2,2308
287,河南,[210000.0],210000.0,,通办”试点扩大。调整后，在北京、天津、河北、内蒙古、辽宁、上海、江苏、浙江、安徽、福建、江西、山东、河南、湖北、广东、广西、海南、重庆、四川、陕西、宁夏等21个省（自治区、直辖市）实施结婚登记和离婚登记“,2308
288,山东,[210000.0],210000.0,,“跨省通办”试点扩大。调整后，在北京、天津、河北、内蒙古、辽宁、上海、江苏、浙江、安徽、福建、江西、山东、河南、湖北、广东、广西、海南、重庆、四川、陕西、宁夏等21个省（自治区、直辖市）实施结婚登记和离婚,2308
289,四川,[210000.0],210000.0,,、河北、内蒙古、辽宁、上海、江苏、浙江、安徽、福建、江西、山东、河南、湖北、广东、广西、海南、重庆、四川、陕西、宁夏等21个省（自治区、直辖市）实施结婚登记和离婚登记“跨省通办”试点。据悉，此次调整后，双,2308
290,湖北,[210000.0],210000.0,,试点扩大。调整后，在北京、天津、河北、内蒙古、辽宁、上海、江苏、浙江、安徽、福建、江西、山东、河南、湖北、广东、广西、海南、重庆、四川、陕西、宁夏等21个省（自治区、直辖市）实施结婚登记和离婚登记“跨省通,2308
291,江西,[210000.0],210000.0,,姻登记“跨省通办”试点扩大。调整后，在北京、天津、河北、内蒙古、辽宁、上海、江苏、浙江、安徽、福建、江西、山东、河南、湖北、广东、广西、海南、重庆、四川、陕西、宁夏等21个省（自治区、直辖市）实施结婚登记,2308
292,福建,[210000.0],210000.0,,居民婚姻登记“跨省通办”试点扩大。调整后，在北京、天津、河北、内蒙古、辽宁、上海、江苏、浙江、安徽、福建、江西、山东、河南、湖北、广东、广西、海南、重庆、四川、陕西、宁夏等21个省（自治区、直辖市）实施结,2308
293,西北,[210000.0],210000.0,,、内蒙古、辽宁、上海、江苏、浙江、安徽、福建、江西、山东、河南、湖北、广东、广西、海南、重庆、四川、陕西、宁夏等21个省（自治区、直辖市）实施结婚登记和离婚登记“跨省通办”试点。据悉，此次调整后，双方均非,2308
294,西南,[210000.0],210000.0,,、天津、河北、内蒙古、辽宁、上海、江苏、浙江、安徽、福建、江西、山东、河南、湖北、广东、广西、海南、重庆、四川、陕西、宁夏等21个省（自治区、直辖市）实施结婚登记和离婚登记“跨省通办”试点。据悉，此次调整,2308
295,华北,[2023.0],2023.0,,地域限制。2023年，国务院同意民政部将内地居民婚姻登记“跨省通办”试点扩大。调整后，在北京、天津、河北、内蒙古、辽宁、上海、江苏、浙江、安徽、福建、江西、山东、河南、湖北、广东、广西、海南、重庆、四川、,2308
296,华南,[210000.0],210000.0,,整后，在北京、天津、河北、内蒙古、辽宁、上海、江苏、浙江、安徽、福建、江西、山东、河南、湖北、广东、广西、海南、重庆、四川、陕西、宁夏等21个省（自治区、直辖市）实施结婚登记和离婚登记“跨省通办”试点。据,2308
297,安徽,[210000.0],210000.0,,将内地居民婚姻登记“跨省通办”试点扩大。调整后，在北京、天津、河北、内蒙古、辽宁、上海、江苏、浙江、安徽、福建、江西、山东、河南、湖北、广东、广西、海南、重庆、四川、陕西、宁夏等21个省（自治区、直辖市）,2308
298,天津,[2023.0],2023.0,,会再有地域限制。2023年，国务院同意民政部将内地居民婚姻登记“跨省通办”试点扩大。调整后，在北京、天津、河北、内蒙古、辽宁、上海、江苏、浙江、安徽、福建、江西、山东、河南、湖北、广东、广西、海南、重庆、,2308
299,四川,"[68000.0, 68000.0]",68000.0,,一提到彩礼就郁闷，四川的，家里要求男方拿6.8万彩礼，男朋友 一提到彩礼就郁闷，四川的，家里要求男方拿6.8万彩礼，男朋友,2309
300,河南,"[10.4, 188000.0, 180000.0]",122670.13333333335,,10.4号，河南信阳，新郎已经给了彩礼18.8万，结婚当天哥哥嫂嫂要另外加价18万，不给钱不让走，新娘被逼得两次要跳,2331
301,北京,[360000.0],360000.0,少,剩女是我媳妇儿前同事，长的漂亮，硕士，年纪也不大才36，至少在北京不算大，工作也还行吧，科研岗。。。,2524
302,西北,[288000.0],288000.0,,近日，一位网友在甘肃庆阳镇原县政府官网的“领导信箱”上留言，称自己被要求支付28.8万元的彩礼，请求当地政府整治高价彩礼,2531
303,江浙沪,[880000.0],880000.0,,苏南某城 女方陪嫁三套商品房➕88w现金➕一辆modely 还给他买了一块五w的手表 什么水平？,2551
304,广东,[226.0],226.0,,深圳市这个国庆节，最暖心的一幕发生在一辆m226公交车上。中国好人🇨🇳张善兵同志看见一个年轻妈妈抱着婴儿,2565
305,江西,"[910000.0, 910000.0]",910000.0,多,91年江西女生，正厅级单位工作，多少彩礼合适？ 91年江西女生，正厅级单位工作，多少彩礼合适？,2567
306,山东,"[66000.0, 66000.0]",66000.0,,坐标山东烟台彩礼6.6万，女方没嫁妆可耻么 坐标山东烟台彩礼6.6万，女方没嫁妆可耻么,2572
307,福建,[20000.0],20000.0,,我02，怀孕初期就领了证但是没做任何仪式，这里是福建，父母对我不是很好，从毕业以后就没再依靠过家里，一直和我对象在市里打拼，有个弟弟，家里就只有一套房子,2579
308,山东,"[200000.0, 120000.0]",160000.0,多,我跟我对象谈恋爱四年多了，也到了谈婚论嫁的年龄，她是陕西人，我是山东人，她说她们那边远嫁的要的彩礼多，要20万左右，我们这边都是六万六，八万八九万九，顶多12万，真没见,2591
309,西北,[],,多,想知道陕西宝鸡那边彩礼都是多少钱啊 想知道陕西宝鸡那边彩礼都是多少钱啊,2591
310,东三省,"[50000.0, 50000.0]",50000.0,多,东北的彩礼真的这样子吗我跟我对象在一起谈了5年多了，她家是东 东北的彩礼真的这样子吗我跟我对象在一起谈了5年多了，她家是东,2593
311,山东,"[50000.0, 40000.0]",45000.0,多,我跟我对象在一起谈了5年多了，她家是东北的，我是山东的，她比我小4岁，去年第一次去她家，被问起准备什么时候结婚这个事，我当时心里还没有多少谱，说了句这两,2593
312,华北,[],,多,易县彩礼想问问河北保定易县现在村里的彩礼都大概多少，还有嫁妆啥的，感觉要几十万,2599
313,安徽,[300000.0],300000.0,,浙江彩礼的风气特别好，懂的都懂。当然那些外地女生能不能找到对象也是个问题。曾经，我妈同事的儿子找了个安徽人，那女的怀孕了，一定要30万彩礼，没办法就给了，像我们这边本地人结婚都是没有彩礼的。我引用一个本地,2600
314,江浙沪,"[188000.0, 188000.0]",188000.0,,上海又出典中典，比18.8w事件更加离谱 上海又出典中典，比18.8w事件更加离谱,2605
315,上海,"[188000.0, 188000.0]",188000.0,,上海又出典中典，比18.8w事件更加离谱 上海又出典中典，比18.8w事件更加离谱,2605
316,河南,"[180000.0, 180000.0]",180000.0,,河南淮滨一新郎接亲被加要18万彩礼。河南淮滨一新郎接亲被加要18万彩礼，新娘家人阻拦婚车？官方通报。谷堆乡和公安部门组织双方调解，由新郎支付,2616
317,河南,"[180000.0, 8.0]",90004.0,,官方通报:双方和解，新郎再给三万嫁妆费。河南信阳，新郎彩礼18万8不给丈母娘现金，却直接转帐给女孩自己手里，惹的娘家人不开心，结婚当天直接不让女,2619
318,东三省,[18.8],18.8,,东北女友结婚彩礼18.8放父母那说放几年拿回来给女方，五金五万给女方，没说陪嫁。,2702
319,江浙沪,[900000.0],900000.0,,90年宝妈一枚，老家河南，现已落户江苏，孩子刚刚断奶，自己在外打拼，想给孩子找个爸爸，不需要彩礼，兴趣相投的我们也可以聊聊天,2708
320,河南,[900000.0],900000.0,,90年宝妈一枚，老家河南，现已落户江苏，孩子刚刚断奶，自己在外打拼，想给孩子找个爸爸，不需要彩礼，兴趣相投的我们也可以聊聊天,2708
321,北京,"[6000000.0, 3000000.0]",4500000.0,,有人北京600万买的房亏了300万，自己还离职了，请问这座城市和你有什么关系,2715
322,河南,"[5.0, 1500000.0]",750002.5,,女方在结婚后数天内就会“性情大变”，制造家庭矛盾，或借口家中有事等理由，逃离男方家。至案发前，团伙在河南、河北、山东等地作案5起，骗取彩礼近150万元。,2729
323,山东,"[5.0, 1500000.0]",750002.5,,数天内就会“性情大变”，制造家庭矛盾，或借口家中有事等理由，逃离男方家。至案发前，团伙在河南、河北、山东等地作案5起，骗取彩礼近150万元。,2729
324,江西,"[160000.0, 30000.0]",95000.0,,江西上饶德兴市的陈先生爆料自己和妻子结婚16年，所抚养的3个孩子均非自己亲生。陈先生诉妻子俞某及“第三者,2729
325,西北,[2021.0],2021.0,,宁夏永宁县，有一诈骗团伙从2021年冬天就开始在他人“传授”下作案，主要选择在歌厅、酒吧陪酒的未成年女性,2729
326,华北,"[5.0, 1500000.0]",750002.5,,结婚后数天内就会“性情大变”，制造家庭矛盾，或借口家中有事等理由，逃离男方家。至案发前，团伙在河南、河北、山东等地作案5起，骗取彩礼近150万元。,2729
327,广东,[115.0],115.0,多,在参考保留着传统的广东，广东想要男孩大家都觉得非常正常，所以在广东无论出生率还是结婚率，都位列全郭第一，广东的离婚率也非常低，广东男占比是115，一样男多女少，可要彩,2741
328,东三省,[50000.0],50000.0,,其实是现代男性造成的，现代男性娘化，对女的又跪又舔，参考东北川渝就知道了，男人娘化严重，已婚女出轨率达到5成以上,2741
329,四川,[50000.0],50000.0,,其实是现代男性造成的，现代男性娘化，对女的又跪又舔，参考东北川渝就知道了，男人娘化严重，已婚女出轨率达到5成以上,2741
330,西南,[50000.0],50000.0,,其实是现代男性造成的，现代男性娘化，对女的又跪又舔，参考东北川渝就知道了，男人娘化严重，已婚女出轨率达到5成以上,2741
331,河南,"[20.0, 697000.0, 370000.0]",355673.3333333333,,河南南阳，一男子离家出走20年后因工伤获得69.7万元死亡赔偿金。妻子要求分得37万、两个女儿认为母亲与,2742
332,东三省,[200000.0],200000.0,,你个穷光蛋。这不可能，这不科学，我们这儿起码有车有房。外加彩礼20万。农村的房子不行。起码市里楼房，东北的姑娘都这价，甚至更贵。你没有那个实力可以不找老婆。愿打愿挨，如果你是借的钱交彩礼，借的钱买房。那更,2760
333,安徽,[],,多,安徽妹妹结婚需要送什么给多少礼金 安徽妹妹结婚需要送什么给多少礼金,2772
334,北京,[211.0],211.0,,本人已经害怕了国内的女性，曾被几个前任骗了小十万的钱财和感情。目前正在北京一所211读研究生，请大家帮忙出出主意怎么能娶到难民营里的女人做妻子。,2775
335,河南,"[130000.0, 130000.0]",130000.0,,中国小伙爱上小13岁乌克兰女大学生，零彩礼娶回家，定居河南农村 中国小伙爱上小13岁乌克兰女大学生，零彩礼娶回家，定居河南农村,2781
336,江西,"[910000.0, 164.0, 520000.0]",476721.3333333333,,91年江西女生，正在考编，连续两年进面了都是惜败，一本学历，164/52,2812
337,江浙沪,"[3000.0, 4000.0]",3500.0,,出资，甚至aa制也相对罕见。女性可能也不愿意与一个需要她分摊房租和生活费用的男性建立关系。特别是在像上海和深圳这样的大城市，租金可能高达3000或4000元，这占据了普通人工资的一大部分。如果男性承担了这,2813
338,上海,"[3000.0, 4000.0]",3500.0,,出资，甚至aa制也相对罕见。女性可能也不愿意与一个需要她分摊房租和生活费用的男性建立关系。特别是在像上海和深圳这样的大城市，租金可能高达3000或4000元，这占据了普通人工资的一大部分。如果男性承担了这,2813
339,广东,"[3000.0, 4000.0]",3500.0,,甚至aa制也相对罕见。女性可能也不愿意与一个需要她分摊房租和生活费用的男性建立关系。特别是在像上海和深圳这样的大城市，租金可能高达3000或4000元，这占据了普通人工资的一大部分。如果男性承担了这部分费,2813
340,东三省,"[0.0, 100000.0]",50000.0,少,老一代的人不说了，就说00后和10后。西藏和山西的男女比例最均衡，然后是吉林和黑龙江。正好西藏人和吉林人要彩礼要得最少。,2888
341,湖北,"[177.42, 100.0]",138.70999999999998,,最失衡的是湖北和江西，江西那边彩礼高的原因就因为这事儿？湖北省三胎的性别比，已经失衡到了惊人的177.42:100，这人为的因素太明显。,2888
342,江西,"[177.42, 100.0]",138.70999999999998,,最失衡的是湖北和江西，江西那边彩礼高的原因就因为这事儿？湖北省三胎的性别比，已经失衡到了惊人的177.42:100，这人为的因,2888
343,华北,"[0.0, 100000.0]",50000.0,少,老一代的人不说了，就说00后和10后。西藏和山西的男女比例最均衡，然后是吉林和黑龙江。正好西藏人和吉林人要彩礼要得最少。,2888
344,广东,[388000.0],388000.0,,她是福建三明的家里还有个亲弟弟，我是独生子湖南三套房深圳一套房，刚开始我和她说了房子的事情可以卖家里一套去她们那边买，我父母也没意见，但是当我听到38.8万,2890
345,江浙沪,[500000.0],500000.0,,婚两年有一个孩子，男方无过错女方提离婚，彩礼必须退50%。包括共同财产也可以按照这个法子来执行！例如上海洗房，女方在换了房子后立刻离婚分走了一半，按照这个法子分割，从换房日子算起，一年内女方离婚什么都分不,2899
346,上海,[500000.0],500000.0,,婚两年有一个孩子，男方无过错女方提离婚，彩礼必须退50%。包括共同财产也可以按照这个法子来执行！例如上海洗房，女方在换了房子后立刻离婚分走了一半，按照这个法子分割，从换房日子算起，一年内女方离婚什么都分不,2899
347,福建,[150000.0],150000.0,,转知乎：福建泉州杀人嫌犯被捕！自尽后被抢救：女方骗我15万，还送我入狱,2915
348,北京,"[340000.0, 340000.0]",340000.0,多,34岁江西女，部委直属事业单位，找北京土著结婚，能要多少彩礼？ 34岁江西女，部委直属事业单位，找北京土著结婚，能要多少彩礼？,2928
349,江西,"[340000.0, 340000.0]",340000.0,多,34岁江西女，部委直属事业单位，找北京土著结婚，能要多少彩礼？ 34岁江西女，部委直属事业单位，找北京土著结婚，能要多少彩礼？,2928
350,江西,"[890000.0, 900000.0]",895000.0,,江西女，89年底出生，接近90后，部委直属事业单位工作，在编非合同工,2929
351,湖北,[3000.0],3000.0,,湖北武汉发生了一件让人无语的事情。一男子跟妻子协议离婚，约定女儿归妻子抚养，自己每月支付 3000 元抚,2988
352,西北,[],,少,论上开始反击的影响，今年的情人节，商家、平台和那些情感号，出来pua男性已经很少了，只有部分女权还不甘心，自己在那嚎。呵呵，还男性表现加分？这种女权毒鸡汤pua话术，现在听起来感觉她们简直活在远古时代，,3013
353,河南,[],,多,"来到同一座城市工作后就在一起了.我试探着问她和第二任男朋友谈了多久,是不是只谈了一两年.女方稍微一犹豫,马上说比这长,说是大学刚刚毕业的时候开始和前男友谈的,谈了四五年.我问分手的原因,她说因为没有磨合",3021
354,江西,"[260000.0, 260000.0]",260000.0,多,在江西26万彩礼多不多 在江西26万彩礼多不多,3024
355,北京,[],,多,现在西城丈母娘家，外加我在燕郊租的房子，媳妇儿在顺义租的房子，反正哪里方便就住哪里（我全北京跑，媳妇儿也差不多），我俩没房。,3035
356,华南,[2006.0],2006.0,,比电影《热搜》更令人发指最近上映的电影《热搜》中曝光的“校园选妃”事件，并非毫无根据。2006年起，广西百色一所名为“百色助学网”的慈善机构，长期以提供助学金为幌子，利用负责人王杰的威信在当地，诱骗贫困地,3052
357,华北,[350000.0],350000.0,,35岁的山西男子郭某，逃离婚姻的举动让人啼笑皆非。通常，我们只在电视剧中看到女主逃婚的桥段，而男子逃婚似乎更加罕,3062
358,四川,[30000.0],30000.0,,首先是最穷的好吃懒做但很帅的，这种男人去做男模就行了，钓富婆。首先我介绍的事北上广深苏杭成都等等房价在3万以上的城市务工人员。,3064
359,西南,"[15000.0, 20000.0, 30000.0]",21666.666666666668,,15000-20000这种就有资格要求女方和你一起奋斗了。两个人加一起3万是可以定居苏杭重庆成都武汉等城市。,3064
360,福建,"[30000.0, 10000.0, 20000.0, 10000.0, 2000.0]",14400.0,少,然后有一位福建的网友自爆，他上学的时候男女比例3:1，至少也是2:1，那已经是2000年前后。他感觉结婚难不难与穷,3074
361,江西,[],,多,简言之，某站一热门视频，科普江西彩礼高的原因是因为重男轻女观念重，导致女少男多。因为弟弟要结婚，所以才收高额彩礼，给弟弟娶媳妇，彩礼,3078
362,北京,"[0.0, 0.0]",0.0,,我娶的北京二环的媳妇儿，0彩礼，谈谈我和媳妇的看法吧。 我娶的北京二环的媳妇儿，0彩礼，谈谈我和媳妇的看法吧。,3143
363,河南,"[270000.0, 270000.0]",270000.0,,河南一男子控诉新婚妻子骗走27万彩礼 #彩礼# 河南一男子控诉新婚妻子骗走27万彩礼 #彩礼#,3145
364,西北,[70000.0],70000.0,,7.以慕强为借口，其实就是想向上匹配，此想法本来就是个悖论，强者怎能向弱者低头，甘愿受控？,3170
365,江西,"[10000.0, 20000.0, 10000.0, 30000.0, 40000.0]",22000.0,,01据说江西姑娘现在很难嫁，全国有名。02我看到有结婚1个月就离婚的，真的把婚姻当儿戏。03唉04上门女婿不结婚,3175
366,河南,[],,多,古代多慷慨悲歌之士，豫让要离之类的就不多说了，士为知己者死。但是没听说哪个古代女性会去,3184
367,西南,"[510000.0, 510000.0]",510000.0,,重庆那个小伙太傻了竟然被女人骗了51万，最毒妇人心啊 重庆那个小伙太傻了竟然被女人骗了51万，最毒妇人心啊,3193
368,北京,"[30000.0, 10000.0, 20000.0]",20000.0,,呼叫队友，我想为了团队胜利，顺便不至于让他尬聊，我就开麦了，他呼叫了我的昵称，我就接了他的话:听口音北京的?昵称是全名十手机号，京哥你是搞啥大生意的不?好了，搞事情了，我说完这三句，我是3号，1号2号两个,3198
369,山东,[360000.0],360000.0,,山东菏泽市巨野县和郓城县，彩礼36万起步（巨野前十八万后十八万，郓城起码四个九万）,3209
370,江浙沪,[500000.0],500000.0,,婚两年有一个孩子，男方无过错女方提离婚，彩礼必须退50%。包括共同财产也可以按照这个法子来执行！例如上海洗房，女方在换了房子后立刻离婚分走了一半，按照这个法子分割，从换房日子算起，一年内女方离婚什么都分不,3231
371,上海,[500000.0],500000.0,,婚两年有一个孩子，男方无过错女方提离婚，彩礼必须退50%。包括共同财产也可以按照这个法子来执行！例如上海洗房，女方在换了房子后立刻离婚分走了一半，按照这个法子分割，从换房日子算起，一年内女方离婚什么都分不,3231
372,四川,[],,多,准备结婚，有没有知道四川达州的彩礼多少的 准备结婚，有没有知道四川达州的彩礼多少的,3241
373,湖南,"[188000.0, 30000.0, 50000.0, 188000.0, 30000.0, 50000.0]",89333.33333333333,,彩礼18.8w，加3w的见面礼，加5w的五金，坐标湖南，算贵吗？ 彩礼18.8w，加3w的见面礼，加5w的五金，坐标湖南，算贵吗？,3246
374,江浙沪,[],,多,我安徽的，在浙江打拼，只有过年才回老家，这边一套房，老家一栋自建房，女朋友江西九江的，谈了一年多，回去见她父母，农村,3263
375,安徽,[],,多,我安徽的，在浙江打拼，只有过年才回老家，这边一套房，老家一栋自建房，女朋友江西九江的，谈了一年多，回去见她,3263
376,西北,[],,多,可是我不甘心，昨晚上想了很多。我的原本规划是考公或者下基层扶贫，因为家里经济不算很拮据，老妈的原话是只要我能养,3286
377,江西,"[570000.0, 570000.0]",570000.0,,恭喜老歌 57w可以去江西找老婆了 恭喜老歌 57w可以去江西找老婆了,3307
378,广东,"[100000.0, 60000.0, 68000.0]",76000.0,普遍,我妈一开始要10万（广东这边普遍6万左右），我们觉得不太合适，谈了几个方案，她都不同意。她的意思是，要不然6.8万彩礼+酒席,3357
379,湖南,"[300000.0, 4.0]",150002.0,多,上个月去拜访了女朋友的父母，要彩礼30万，没有陪嫁，也不会带回，女朋友湖南衡阳，想问这正常吗。和女朋友自由恋爱，谈了4年多，我是安徽的。,3369
380,安徽,"[300000.0, 4.0]",150002.0,多,要彩礼30万，没有陪嫁，也不会带回，女朋友湖南衡阳，想问这正常吗。和女朋友自由恋爱，谈了4年多，我是安徽的。,3369
381,江西,[],,多,江西人仍未知道前女友结婚收了多少彩礼 江西人仍未知道前女友结婚收了多少彩礼,3370
382,华北,[110000.0],110000.0,,在生产高峰期工作11小时。在松瓦尔查特拉姆工厂的两名外籍员工告诉《世界其他地区》，富士康也利用奖金和晋升机会来鼓励印度的工程师和经理。,3374
383,东三省,"[40000.0, 720000.0]",380000.0,,子，正是活泼好动的年纪。此时的他们非常顽皮淘气，甚至连猫狗都嫌弃他们。这不近日有一则新闻冲上了热搜。黑龙江一个4岁的小男孩与外婆同乘电梯时就因为调皮摸了一下同乘女子，被女子误以为袭胸引发冲突导致自己72岁的,3394
384,江西,"[500000.0, 500000.0]",500000.0,,江西农村彩礼涨到50万元 江西农村彩礼涨到50万元,3416
385,河南,[200000.0],200000.0,,还有20万的彩礼，兄弟们。我们家在我们的城市有房，也可以再重新买一套新房但她不愿意，我也可以在郑州（河南省会），新乡（我们两个上大学的城市）买房我都可以接受。她不愿意。,3429
386,西南,[],,多,重庆这边彩礼一般给多少 重庆这边彩礼一般给多少,3436
387,江浙沪,[],,多,东北那边好像没有高彩礼，广东那边也没有，东部上海浙江那边应该也没有，中部川渝这也很多没有彩礼习俗。,3459
388,上海,[],,多,东北那边好像没有高彩礼，广东那边也没有，东部上海浙江那边应该也没有，中部川渝这也很多没有彩礼习俗。,3459
389,广东,[],,多,东北那边好像没有高彩礼，广东那边也没有，东部上海浙江那边应该也没有，中部川渝这也很多没有彩礼习俗。,3459
390,东三省,[],,多,东北那边好像没有高彩礼，广东那边也没有，东部上海浙江那边应该也没有，中部川渝这也很多没有彩礼习俗。,3459
391,四川,[],,多,东北那边好像没有高彩礼，广东那边也没有，东部上海浙江那边应该也没有，中部川渝这也很多没有彩礼习俗。,3459
392,西南,[],,多,东北那边好像没有高彩礼，广东那边也没有，东部上海浙江那边应该也没有，中部川渝这也很多没有彩礼习俗。,3459
393,西南,[165.0],165.0,,贵州黔南美女，165不要求车房，有稳定收入，五官人品好的，彩礼随意#征婚##相亲#,3476
394,北京,"[240000.0, 80000.0]",160000.0,,24日上午，极目新闻记者联系上陈世贤，他表示，今年8月份，他已经委托北京的律师代理其案件，包括他跟妻子及“第三者”之间的民事诉讼。此前，陈世贤代理人北京中臬律师事务所创始合,3485
395,江西,"[120000.0, 200000.0, 160000.0, 30000.0]",127500.0,,12月20日，江西上饶。“结婚16年3娃不是亲生”事件当事人陈世贤（化名）收到了法院开庭的传票。他与妻子及“第三者”之,3485
396,西北,[70000.0],70000.0,多,现妻子和另一男子同住一家宾馆。之后，他对三个孩子进行dna鉴定，结果发现都不是他亲生。当年7月，因不甘心十多年来的付出白费，他找到当地电视台，讲述了自己的遭遇。新闻一经播出，引发网友同情。亲子鉴定结果（,3485
397,西南,[],,少,你来调查过吗？就说云南不要彩礼？可少造点谣吧,3503
398,江西,"[388000.0, 288000.0, 200000.0]",292000.0,,江西抚州行情是38.8万彩礼，女方父母要求男方给28.8万彩礼，男方家里只准备了20万结婚用。最后砍价到,3504
399,湖北,[],,多,湖北给女方彩礼，一般回礼多少钱？ 湖北给女方彩礼，一般回礼多少钱？,3515
400,安徽,"[700000.0, 10.0, 1.0, 700000.0, 10.0, 1.0]",233337.0,,我弟弟结婚70万彩礼，坐标安徽阜阳，本来定这个10月1日父母见面 我弟弟结婚70万彩礼，坐标安徽阜阳，本来定这个10月1日父母见面,3530
401,江浙沪,[],,多,地处江苏南通，跟女友谈了六年多，很快要大学毕业而且今年我们都公考笔试上岸了，估计也在同一个地方任职，我想着可,3547
402,江西,"[1888.0, 200.0]",1044.0,多,江西大额彩礼，多少年都是这么高，来了个1888，结果火爆了，接着就出来一个陪嫁200多万的。,3573
403,广东,[],,多,广州结婚给多少彩礼？ 广州结婚给多少彩礼？,3579
404,湖北,[130.0],130.0,,楼主是地道河南南阳人，因为近十年都没怎么在老家待，所以对家乡的风俗习惯更是一无所知。楼主男朋友是湖北人，去年订婚的时候彩礼拿了八万八，买了一套130平米的房子，但是没装修，今年十月份要结婚了，问我爸妈,3581
405,湖北,"[290000.0, 290000.0]",290000.0,,湖北武汉一名29岁女子因上洗手间没带纸报警，冲进民警办案区要纸被批评浪费警力，还污蔑警察打她 湖北武汉一名29岁女子因上洗手间没带纸报警，冲进民警办案区要纸被批评浪费警力，还污蔑警察打她,3583
406,东三省,"[18.8, 60000.0, 2.88, 33.0]",15013.67,左右,18.8加上五金6w见面礼2.88，加上酒席一共花了33左右。跟她生活了九个月，我带她到我工作的地方沈阳，没让她上班，每个月都给她零花钱，白天她想去哪儿去哪儿，下班我回家做饭，因为我属于采购性质的工作经常,3609
407,江西,"[980000.0, 20000.0]",500000.0,,寻求一下律师b友们的帮助，我把事情经过说一下。本人98年，江西农村的，家里2套自建房，父母投资一个厂房大部分财产投进去了，然后又碰上疫情，之后我爸得了尿毒症，导致,3609
408,东三省,[],,多,请问，黑龙江望奎彩礼大概多少钱？ 请问，黑龙江望奎彩礼大概多少钱？,3630
409,西南,[],,多,坐标广西南宁，基本没有彩礼，只有讨个吉利封个红包的说法，可能农村少部分家庭会有小几千到最多三万的礼金。另外有一,3641
410,湖南,[],,多,湖南这边普通家庭的彩礼一般给多少？ 湖南这边普通家庭的彩礼一般给多少？,3715
411,江西,[3.0],3.0,多,3、不过我很认同一个吧里一位妹妹的观点，彩礼确实可以筛选具有优势的男人，二十万真的不多，楼主在江西工作，一年来下我也有十一、二万的收入，如果这点小钱都拿不出来的男方，劝姐妹们早点换人，不是守财奴就是,3733
412,湖北,"[7.0, 60000.0, 8.0]",20005.0,,本人湖北黄冈地区，女方怀孕7个月了，对方父母要求6万8给女方买黄金，衣服折现成现金打给女方，这笔钱双方父母，,3737
413,北京,[40000.0],40000.0,,北京海淀，一位研究生三年级的女生趁人之危，偷取了一位男同学4杯奶茶。这位同学把这件事告诉了校方，请求给予,3751
414,江浙沪,"[50000.0, 10000.0]",30000.0,,网传上海视觉艺术学院5名女生组团围殴1男生，学校女辅导员偏袒女生，且学校出面威胁男生，再深究就要开除这名男生,3808
415,上海,"[50000.0, 10000.0]",30000.0,,网传上海视觉艺术学院5名女生组团围殴1男生，学校女辅导员偏袒女生，且学校出面威胁男生，再深究就要开除这名男生,3808
416,西北,[0.0],0.0,,孝敬父母的一代，看完上面的，你们以后还在那么说吗？母亲的病在丰县已经看不好了，想来徐州看病儿子却心不甘情不愿的，到最后还要发视频网bào自己的父亲。这样的00后，想想都令人生气。,3813
417,四川,[],,多,“成都地铁被诬陷偷拍案”当事人已裸辞：为了维权，我付出太多,3820
418,江西,"[300000.0, 300000.0]",300000.0,,女朋友是江西的 彩礼要30万 女朋友是江西的 彩礼要30万,3867
419,湖北,"[40.0, 4000000.0, 1000000.0]",1666680.0,,“养了个白眼狼。”湖北武汉，40岁男子因病去世。去世前他私下立下遗嘱，将父母掏光积蓄给他买的价值400万的房子，100万存,3870
420,北京,[2018.0],2018.0,,北京发生了一起令人震惊的网络爱情诈骗案。韩某在2018年通过网络认识了姚先生，并很快发展出了感情。然而，,3885
421,西北,"[500000.0, 200000.0]",350000.0,多,如果这名女子找50多岁的大叔结婚，这样的机会会大一些，但女子内心肯定不甘心，这意味着她自己白白坚持了20多年，等来的结果却不是自己想要的。,3892
422,河南,"[2015.0, 40000.0, 130000.0]",57338.333333333336,少,2015年4月13日，当河南省实验中学的女心理教师顾少强，在微信朋友圈中晒出自己的辞职信后，这封颇具文艺气息的辞职函瞬间在各大社,3925
423,山东,"[2019.0, 20000.0, 40000.0, 2009.0, 120000.0, 120000.0, 2018.0, 60000.0, 110000.0]",52894.0,,终于，（2019）鲁02刑再4号，改判房洪彪无罪。房洪彪于2009年12月12日被羁押，历经减刑，2018年6月11日已,3975
424,河南,[2008.0],2008.0,,小邸是河北省唐山市滦南县人。2008年退役后，考入河南一家单位。,3982
425,华北,"[50000.0, 30000.0, 2023.0, 100000.0, 100000.0]",56404.6,多,无罪！坚持申诉5年多后，曾因强奸罪获刑3年的河北滦南小伙小邸终于等来了法院的公正判决——2023年10月10日，唐山市中院再审改判他无罪。,3982
426,北京,"[3.0, 600000.0, 3.0, 600000.0]",300001.5,,告诉大家一个事实东京3环内的房子60万一套还是永久产权 告诉大家一个事实东京3环内的房子60万一套还是永久产权,4028
427,东三省,[],,少,现在全国只有东北、西藏、新疆、山西，等极少数地区的男女比例正常。,4036
428,西北,[],,少,现在全国只有东北、西藏、新疆、山西，等极少数地区的男女比例正常。,4036
429,华北,[],,少,现在全国只有东北、西藏、新疆、山西，等极少数地区的男女比例正常。,4036
430,西南,"[120000.0, 210000.0]",165000.0,,甄女士介绍，男方委托的两位律师今天都在外地参加庭审，都没有在宣判的现场。“殷清利律师在云南参加开庭，上周四12月21号下午，法院突然通知说今天要宣判，我们律师都赶不过来。殷律师协商说能不能缓,4046
431,华北,"[120000.0, 250000.0, 30000.0]",133333.33333333334,,12月25日上午，山西大同“订婚强奸案”一审宣判，以强奸罪判处被告人有期徒刑3年。,4046
432,北京,[800000.0],800000.0,多,以北京为例，高达80万大龄剩女，再加上数量更多的年轻女孩，可以说是几百万女人去竞争那几万个男人……,4058
433,广东,"[3.0, 50000.0]",25001.5,普遍,还是广东广西正常点，给女方的礼金普遍就3到5万，女方也不会为了这点钱败坏自己的家声！！搞不明白为什么别的省要,4100
434,华南,"[3.0, 50000.0]",25001.5,普遍,还是广东广西正常点，给女方的礼金普遍就3到5万，女方也不会为了这点钱败坏自己的家声！！搞不明白为什么别的省要花那,4100
435,西北,[105.0],105.0,,留105天，还要被女人起诉。似乎女人要什么他就给什么，女人说什么他就承认什么，女人要他赴死，他也会心甘情愿，这不是精神恍惚了吗？,4110
436,华北,"[200000.0, 4360000.0, 1240000.0]",1933333.3333333333,,山西大同女方已经很良心了 才要20w 一半房产 官方指导价436w 年薪124w,4118
437,江浙沪,"[20000.0, 20000.0]",20000.0,多,2年前我就说了上海是捞女大本营但是当时很多人反对 2年前我就说了上海是捞女大本营但是当时很多人反对,4148
438,上海,"[20000.0, 20000.0]",20000.0,多,2年前我就说了上海是捞女大本营但是当时很多人反对 2年前我就说了上海是捞女大本营但是当时很多人反对,4148
439,广东,"[100.0, 100.0, 107.0, 100.0, 111.7, 100.0]",103.11666666666667,多,的男女相对平等地区，几乎比例100比100，偶尔甚至会出现女多男少现象。而江西男女比107比100，广东甚至是111.7比100，而广东也是有名的“要儿子”的地区）。,4211
440,东三省,"[10000.0, 100.0, 100.0, 107.0]",2576.75,多,1，人口比例体现重男轻女程度。男比女数值越大，当地越重男轻女。（川渝，东北地区是有名的男女相对平等地区，几乎比例100比100，偶尔甚至会出现女多男少现象。而江西男女比107,4211
441,四川,"[10000.0, 100.0, 100.0]",3400.0,多,1，人口比例体现重男轻女程度。男比女数值越大，当地越重男轻女。（川渝，东北地区是有名的男女相对平等地区，几乎比例100比100，偶尔甚至会出现女多男少现象。而江西男女,4211
442,江西,"[100.0, 100.0, 107.0, 100.0, 111.7, 100.0]",103.11666666666667,多,女。（川渝，东北地区是有名的男女相对平等地区，几乎比例100比100，偶尔甚至会出现女多男少现象。而江西男女比107比100，广东甚至是111.7比100，而广东也是有名的“要儿子”的地区）。,4211
443,西南,"[10000.0, 100.0, 100.0]",3400.0,多,1，人口比例体现重男轻女程度。男比女数值越大，当地越重男轻女。（川渝，东北地区是有名的男女相对平等地区，几乎比例100比100，偶尔甚至会出现女多男少现象。而江西男女比,4211
444,江浙沪,[],,一般,上海北京杭州市区都没有彩礼，谁提彩礼谁就是乡巴佬丢人。女方结婚一般陪嫁一个房子或者车子或者装修，北上杭女,4218
445,北京,[],,一般,上海北京杭州市区都没有彩礼，谁提彩礼谁就是乡巴佬丢人。女方结婚一般陪嫁一个房子或者车子或者装修，北上杭女人地,4218
446,上海,[],,一般,上海北京杭州市区都没有彩礼，谁提彩礼谁就是乡巴佬丢人。女方结婚一般陪嫁一个房子或者车子或者装修，北上杭女,4218
447,广东,"[110000.0, 270000.0, 38888.0]",139629.33333333334,,11月27日，广东佛山一男子交完38888元彩礼女友消失了，了解后才发现对方已经结婚，还有一个十几岁的的孩子。,4258
448,湖北,[],,多,湖北的彩礼多少钱？ 湖北的彩礼多少钱？,4275
449,西南,[],,多,我是男方，相识一年多，我们感情还可以，女方是重庆梁平，到了谈婚论嫁的时候，女方一直咬着这个数，没有商量的余地，我们家最后承认八万八，始终坚持十万八！,4277
450,江浙沪,"[3.0, 3000.0, 3.0, 30000000.0, 500000.0, 30.0]",5083839.333333333,,别人上海拆二代分3套房，一个月收入3000块，别人3套房价值3000万，****年薪50万30年不吃不喝税后,4285
451,上海,"[3.0, 3000.0, 3.0, 30000000.0, 500000.0, 30.0]",5083839.333333333,,别人上海拆二代分3套房，一个月收入3000块，别人3套房价值3000万，****年薪50万30年不吃不喝税后,4285
452,四川,"[1000.0, 2000.0, 80.0, 10000000.0]",2500770.0,少,我们年轻人会去成都武汉苏州重庆或者其他省会收入就比你们这里少1000-2000，我们买个80平1000万先刚需，然后出,4304
453,西南,"[1000.0, 2000.0, 80.0, 10000000.0, 1500.0]",2000916.0,少,我们年轻人会去成都武汉苏州重庆或者其他省会收入就比你们这里少1000-2000，我们买个80平1000万先刚需，然后出租1500-,4304
454,江浙沪,[],,多,为什么浙江没有彩礼 赔嫁那么多 为什么浙江没有彩礼 赔嫁那么多,4308
455,江西,"[200000.0, 20000000.0]",10100000.0,,还有一个热点是江西彩礼高，管女的彩礼20万也好2000万也罢，你不去和她结婚不是就祸害不到你身上？,4332
456,江西,"[480000.0, 480000.0]",480000.0,,48w够不够去江西找个老婆 48w够不够去江西找个老婆,4335
457,江浙沪,[20000.0],20000.0,,上海宝山，一女子与前夫离婚后，因两个女儿都不愿意见自己，声称是被骗离婚的。但前夫却说离婚时女子已经分得2,4340
458,上海,[20000.0],20000.0,,上海宝山，一女子与前夫离婚后，因两个女儿都不愿意见自己，声称是被骗离婚的。但前夫却说离婚时女子已经分得2,4340
459,四川,"[60000.0, 110000.0, 10000.0]",60000.0,,今年6月11日，四川成都的何先生在乘坐地铁1号线回家时，因鞋子上的金属饰品反光而被两名女子认为他暗藏偷拍摄像头。警方虽然,4342
460,江浙沪,[],,多,区，有多名网友称堵车的原因是发生了凶杀案，一名七旬老汉杀死了他年过四旬的儿子和年幼的孙子，事发地位于江苏启东合作镇新义二大队附近。事发现场视频截图,4343
461,江浙沪,"[110000.0, 80000.0, 110000.0, 300000.0]",150000.0,,上，当时文章最前面还有“内容包含虚构创作”的声明。●11月8日，谭芳把同一个故事润色了一下发表在了《上海法治报》的“情感档案”栏目。这次文章去掉了“虚构”声明，来源变成了根据谭芳“口述”。●11月30日，,4361
462,上海,"[110000.0, 80000.0, 110000.0, 300000.0]",150000.0,,上，当时文章最前面还有“内容包含虚构创作”的声明。●11月8日，谭芳把同一个故事润色了一下发表在了《上海法治报》的“情感档案”栏目。这次文章去掉了“虚构”声明，来源变成了根据谭芳“口述”。●11月30日，,4361
463,山东,[],,少,这两年xxn爆出得光荣事迹还少吗？湖北桑植的听天由命射法，山东为爱冲锋的勇士，山西的请先生赴死事件，我们当地就有好几个四五十岁的妇女出轨被捉，我觉得为什么要男的人,4373
464,湖北,[],,少,这两年xxn爆出得光荣事迹还少吗？湖北桑植的听天由命射法，山东为爱冲锋的勇士，山西的请先生赴死事件，我们当地就有好几个四五十岁的妇女出轨被,4373
465,华北,[],,少,这两年xxn爆出得光荣事迹还少吗？湖北桑植的听天由命射法，山东为爱冲锋的勇士，山西的请先生赴死事件，我们当地就有好几个四五十岁的妇女出轨被捉，我觉得为什么要男的人财两空给xnn彩礼，,4373
466,西北,"[100000.0, 100000.0, 200000.0]",133333.33333333334,,一无所有的年纪，奋斗个10来年。幸运的话10来年后有钱了。可将来人到中年的我们，找个年龄相近的心有不甘。想找个年轻的弥补早已远逝的青春。可身边的小鲜肉是为了我们的钱而表演真爱的感情戏！ 20来岁小鲜肉又,4386
467,江西,[300000.0],300000.0,,出门左转江西 江西有钱 听闻二婚都30w起步,4392
468,湖北,[],,多,中科。接盘侠……醒悟的男又会被荷尔蒙蒙蔽。真正觉醒者又不多，这贴回复里又有另外一个大佬，和扛把子一个湖北，一个湖南，组队成南北双煞。威力无穷。但南煞又纠结于“三从四德”等老法子。虽然曾有效的阻止打压过女权,4412
469,湖南,[],,多,侠……醒悟的男又会被荷尔蒙蒙蔽。真正觉醒者又不多，这贴回复里又有另外一个大佬，和扛把子一个湖北，一个湖南，组队成南北双煞。威力无穷。但南煞又纠结于“三从四德”等老法子。虽然曾有效的阻止打压过女权非处，可惜,4412
470,湖南,"[200000.0, 200000.0]",200000.0,,湖南宁乡乡下。要求20万彩礼加一套房，并且没有嫁妆，合理否？ 湖南宁乡乡下。要求20万彩礼加一套房，并且没有嫁妆，合理否？,4419
471,北京,"[192.0, 92000.0]",46096.0,,彩礼。不结婚！所以根本就存在什么卖方市场！你们认为的生孩子，男人不结婚会死的之类的筹码根本不存在。我北京人，房子自然有几套，下面是我的照片，身高192，体重92kg，职业，医生。,4458
472,东三省,"[5000.0, 8000.0, 300000.0, 100000.0]",103250.0,多,家庭，父母农民，她家也是，她护士在长春，5k左右，我天津工程师8k，两年工作赚钱还有家里种地补贴，在吉林市买了套房，连装修30个进去了，手里没钱目前，原本俩人商议彩礼最多10即可，她妈妈说，他们那最少二三,4461
473,天津,"[80000.0, 20000.0, 5000.0, 8000.0, 300000.0]",82600.0,左右,认识8年，在一起这是第2个月，普通家庭，父母农民，她家也是，她护士在长春，5k左右，我天津工程师8k，两年工作赚钱还有家里种地补贴，在吉林市买了套房，连装修30个进去了，手里没钱目前，原本俩,4461
474,西北,"[100000.0, 100000.0]",100000.0,,陕西10地市结婚彩礼大pk，看完心好痛 陕西10地市结婚彩礼大pk，看完心好痛,4496
475,江浙沪,"[300000.0, 60000.0]",180000.0,,记给她洗衣做饭刷碗。我觉得没问题，但是第六点做不到，毕竟你这智商很难不影响下一代。对年龄没要求，我看上海那个老头比较适合你，每月给你30w零花钱。不过人家能否看上你还另说呢！公务员月薪6万？你是想守寡吗？,4497
476,上海,"[300000.0, 60000.0]",180000.0,,记给她洗衣做饭刷碗。我觉得没问题，但是第六点做不到，毕竟你这智商很难不影响下一代。对年龄没要求，我看上海那个老头比较适合你，每月给你30w零花钱。不过人家能否看上你还另说呢！公务员月薪6万？你是想守寡吗？,4497
477,江浙沪,"[11.0, 17.0, 270000.0]",90009.33333333333,多,据中国网看点报道，11月17日江苏南京一女子晒出自己在海底捞消费近27万元，震惊众多网友。,4536
478,北京,"[11.0, 17.0, 270000.0]",90009.33333333333,多,据中国网看点报道，11月17日江苏南京一女子晒出自己在海底捞消费近27万元，震惊众多网友。,4536
479,西南,[400.0],400.0,多,发帖女生的ip地点为重庆，400多块能高铁往返多次的地方，其实大家稍微一查也能猜出男生大概的所在地了。,4562
480,山东,[],,多,山东临沂彩礼大致是多少 山东临沂彩礼大致是多少,4572
481,山东,"[186.0, 350000.0]",175093.0,,征婚。本人山东泰安，男征婚。能源央企人员身高186。35岁家中独子。因与岳母关系失和离婚离异一八岁女儿跟我。父母政,4573
482,西南,"[110000.0, 170000.0, 630.0]",93543.33333333333,,11月17日据重庆天天630报道，重庆歌乐山的李女士婚内出轨生子后，与出轨对象闹掰，但却无力承担孩子的养育费用，想回归家庭，而夫家也不愿接,4577
483,广东,"[110000.0, 130000.0]",120000.0,,11月13日，广东省高院公布一则案例，引发公众关注。该案涉及夫妻关系破裂后，父亲请求法院变更子女抚养关系的问题。,4578
484,江浙沪,[],,多,穷地方没有独生女，独生女就存在一线和江浙沪，江西甘肃这种不把女的当人的地方会很多人会拿卖女儿的钱贴儿子，而江浙沪会跟独生女说只要你喜欢爸妈挺你,4579
485,上海,[],,多,穷地方没有独生女，独生女就存在一线和江浙沪，江西甘肃这种不把女的当人的地方会很多人会拿卖女儿的钱贴儿子，而江浙沪会跟独生女说只要你喜欢爸妈挺你,4579
486,江西,[],,多,穷地方没有独生女，独生女就存在一线和江浙沪，江西甘肃这种不把女的当人的地方会很多人会拿卖女儿的钱贴儿子，而江浙沪会跟独生女说只要你喜欢爸妈挺你，这些,4579
487,西北,[],,多,穷地方没有独生女，独生女就存在一线和江浙沪，江西甘肃这种不把女的当人的地方会很多人会拿卖女儿的钱贴儿子，而江浙沪会跟独生女说只要你喜欢爸妈挺你，这些讹钱,4579
488,广东,[200000.0],200000.0,多,口。我们两个现在都年轻20岁出头，但是彩礼要的好多给了之后我家一毛钱没有了。我和我对象谈房子我以后在广东中山买，车子小孩先不谈。我对象现在就是非要跟我在一起啥都不要死跟我了，好几次想不开，就是因为想不开我,4581
489,华南,[],,少,区离婚率越高，与女人地位高关系不大。华东地区女人地位并不低，但田园女权意识并不不高，所以离婚率较低。华南地区则是因为宗族文化比较发达，田园女权更少，离婚率也就比较低。,4606
490,西北,[],,多,在的很多女性的择偶标准用一句话概括就是：寻优质男（宿主）。要求营养充足，生存能力强，同时易于控制，心甘情愿接受寄生，最好是乐于被寄生。,4635
491,东三省,"[288000.0, 288000.0]",288000.0,多,辽宁嫁河南，不要车不要房，28.8万彩礼多不多？ 辽宁嫁河南，不要车不要房，28.8万彩礼多不多？,4654
492,河南,"[288000.0, 288000.0]",288000.0,多,辽宁嫁河南，不要车不要房，28.8万彩礼多不多？ 辽宁嫁河南，不要车不要房，28.8万彩礼多不多？,4654
493,广东,"[5000000.0, 2000000.0, 2000000.0, 6.0, 7.0]",1800002.6,,房的交易量不管你二手房啊，二手房不割肉根本变现不了你买了干嘛？？你们说大城市好变现？我告诉你广州东莞深圳为例，好的核心板块太贵穷人接盘不了，你想想你房子500万我首付200万，我有200万我一年利息6-7,4663
494,四川,[],,多,我真的看吐了，丑的人就去广东吧找到同类了，真的丑的要死，我还是喜欢北上杭武成都这些地方美女帅哥多，那广东都是一群猿人,4814
495,安徽,[],,多,男友说彩礼只有两万，多了没有我家是安徽这边的，男友家买了两套 男友说彩礼只有两万，多了没有我家是安徽这边的，男友家买了两套,4853
496,天津,[590000.0],590000.0,,达59%的女人有结婚意愿。严重内卷之下，日本女性的择偶标准已经低到了【有工作，不家暴】，但依然无人问津。,4865
497,西北,"[520.0, 520000.0]",260260.0,,，男人负责赚钱养家，女人负责貌美如花。所以资本家一开始的目标就是打入女性市场。通过洗脑捧杀，让女性心甘情愿的掏钱。于是乎从春节开始，到情人节、妇女节，再到七夕节、平安夜、圣诞节，甚至是谐音“520、52,4870
498,河南,"[7.0, 8.0]",7.5,多,多媒体有意将其中的一点不断放大，如“婚姻就是一场博弈[lbk]7[rbk][lbk]8[rbk]，犹豫就会败北，真心就会白给、长久的婚姻，都是“算计”出来的”等类似观念引导人们千万不要对婚姻抱有期待，甚,4891
499,北京,"[2016.0, 80000.0, 40000.0, 50000.0]",43004.0,,举个例子，比如北京高院于2016年8月4日发布的《关于审理婚姻纠纷案件若干疑难问题的参考意见》第5条作出明确规定，即受,4894
500,山东,[],,多,今天阅读了一条新闻《山东临沂现实男版香妃，游客引来蝴蝶落满身！》，说的是山东临沂一景点，多只蝴蝶纷纷落在一名男游客身上，被网友调侃为“男版香妃” 。姑且不论作者的营销策略，就男,4898
501,江西,"[200000.0, 300000.0]",250000.0,多,彩礼可以算是女方的意外收获了吧，而且按照说的江西什么的20w30w都是正常，那收税了zf会有多少财政收入啊,4983
502,四川,"[800000.0, 100000.0]",450000.0,左右,我是青海的，他是安徽的，然后我们选择了第三方城市成都，他家出了80万首付买房子，现在谈论订婚的事，他父母想要10万左右包括四金一钻不需要陪嫁，我父母想要,4996
503,西北,[800000.0],800000.0,,我是青海的，他是安徽的，然后我们选择了第三方城市成都，他家出了80万首付买房子，现在谈论订婚的事，他父母想要,4996
504,安徽,"[800000.0, 100000.0]",450000.0,左右,我是青海的，他是安徽的，然后我们选择了第三方城市成都，他家出了80万首付买房子，现在谈论订婚的事，他父母想要10万左右包,4996
505,湖北,[],,多,一位湖北网友的自述：我自己生活的农村也是内耗非常严重，我从小遭受了很多迫害，湖北人把我弄伤了，没有赔偿我。我小时候，我的一个亲戚没有儿子，我们家有儿子（就是我），然后那个没有儿子的,5022
506,江浙沪,"[80000.0, 70000.0, 20000.0, 320000.0]",122500.0,多,8月7日凌晨2点多，身在江苏打工的曹义接到老家湖南省娄底市双峰县杏子派出所电话，称其32岁的妻子陈某溺水身亡已送往殡仪馆，让他前,5044
507,广东,"[88000.0, 18.0, 600000.0]",229339.33333333334,普遍,8.8万彩礼18金还有喜饼什么之类的要60万，我想问问兄弟姐妹们，这个地方真有这么高的彩礼吗？不是说广东普遍都是几千几万吗，这么她这个地方这么高？ 她有一个弟弟会不会拿钱救济弟弟了。,5045
508,湖北,"[288000.0, 18.0, 600000.0]",296006.0,,我是湖北武汉的，我女朋友汕头潮阳区的，她说她要28.8万彩礼18金还有喜饼什么之类的要60万，我想问问兄弟姐,5045
509,华北,"[2023.0, 5.0, 1.0]",676.3333333333334,,“大同订婚强奸案”简要回顾如下：2023年5月1号，山西大同的一对新人，在婚介所的监督下签过婚房加名协议，先给了十万元彩礼，剩余十万结婚时给，婚介所作证签协,5055
510,江西,[400000.0],400000.0,,40w还不如去江西找个 都美竹看了直呼内行,5063
511,四川,[],,多,"近日,湖北省icon汉川市icon的网友曝光了自己的妻子,在坐月子期间出轨了她的表叔。此事引发了社会广泛的关注和讨论,许多人",5078
512,江浙沪,[310.0],310.0,,就拿上海来说，两家上海土著310结合的话，双方加起来可能会有六套以上的房子，或者是男方买一套新房，女方陪嫁一辆车，也有双方,5148
513,上海,[310.0],310.0,,就拿上海来说，两家上海土著310结合的话，双方加起来可能会有六套以上的房子，或者是男方买一套新房，女方陪嫁一辆车，也有双方,5148
514,河南,[1500000.0],1500000.0,少,假结婚骗取高额彩礼。女方通常会在婚后不久找借口离开，或者制造家庭矛盾以逃避。据警方统计，该团伙至少在河南、河北、山东等地作案五起，总共骗取了近150万元的彩礼。,5173
515,山东,[1500000.0],1500000.0,少,额彩礼。女方通常会在婚后不久找借口离开，或者制造家庭矛盾以逃避。据警方统计，该团伙至少在河南、河北、山东等地作案五起，总共骗取了近150万元的彩礼。,5173
516,四川,[256000.0],256000.0,,叔”，还为小丽办理了假证件。孙某和他的团伙通过媒人与正在为儿子找配偶的王刚（化名）取得联系。两家在银川举行了定亲仪式，孙某以“女方叔叔”的身份从王刚那里拿到了25.6万元的彩礼。婚后，小丽被带到河北与王,5173
517,西北,"[2022.0, 120000.0]",61011.0,,2022年12月，宁夏永宁县一名居民报案称其女儿小丽（化名）的人身自由受到限制，被拐至河北结婚。警方调查后发现，小丽的婚姻,5173
518,华北,"[2022.0, 120000.0]",61011.0,,2022年12月，宁夏永宁县一名居民报案称其女儿小丽（化名）的人身自由受到限制，被拐至河北结婚。警方调查后发现，小丽的婚姻关系建立在假身份证和假户口本上。,5173
519,河南,"[220000.0, 260000.0]",240000.0,,那一年她22岁在大学她认识了他的男朋友，他非常帅，那个夜晚他下跪求婚，但是她在想男的是个河南穷地方出来的家里还有哥哥姐姐很穷，所以她放弃了，26岁她相亲到一位非常有钱的男朋友但是很丑，刚见面就,5211
520,湖南,"[80000.0, 230000.0]",155000.0,,甄女士儿子的遭遇在网上引发热议。8月23日，潇湘晨报记者采访了湖南金州律师事务所合伙人易旭，针对网上的争论点作了解读。,5269
521,东三省,"[29.0, 26.0, 200000.0]",66685.0,,29岁的张浩是瓦房店人，在大连市内工作。不久前，亲戚为他介绍了一个相亲对象。女方今年26岁，老家在东北某省农村，目前在金州工作。两人相亲时，女方列出了结婚条件：张浩需要提供房子和车，以及20万元彩礼;女,5284
522,广东,"[100000.0, 1000000.0]",550000.0,,女方深圳户口，独生子女，祖籍江西，年薪10w，要求彩礼100w。,5339
523,江西,"[100000.0, 1000000.0]",550000.0,,女方深圳户口，独生子女，祖籍江西，年薪10w，要求彩礼100w。,5339
524,四川,[],,少,高安市蓝坊镇魏家村村支书魏三忠介绍，嫁到城里的姑娘不少，到村里的却寥寥无几。目前，村里适婚青年中约七成都是男青年，面临一定的“娶妻难”问题。,5350
525,江西,[],,多,农村适婚青年“男多女少”，则进一步抬高了彩礼。江西省宜春市高安市蓝坊镇魏家村村支书魏三忠介绍，嫁到城里的姑娘不少，到村里的却寥寥无几。目前，村里适婚青,5350
526,湖南,[],,多,广西或者湖南的彩礼多少啊 广西或者湖南的彩礼多少啊,5373
527,华南,[],,多,广西或者湖南的彩礼多少啊 广西或者湖南的彩礼多少啊,5373
528,西北,[],,多,“错的是这种不合理的规定”时，会嘲笑对方想蚍蜉撼树。真的是任何一种不平等的制度，都有一堆人在中下层心甘情愿的为之添砖加瓦。因为维护这种制度，比推翻这种制度，自己付出的代价要小得多。所以鲁迅先生那句话的真,5375
529,北京,"[370000.0, 660000.0, 560000.0, 510000.0]",525000.0,,安徽、甘肃等省收取彩礼占比也较高。直辖市彩礼收取占比均较低，上海占比37%，为全国最低，天津、重庆和北京的比例分别为66%、56%和51%。新疆、青海、海南、西藏等偏远地区的比例也较低。收取彩礼金额较大。,5384
530,上海,"[370000.0, 660000.0, 560000.0, 510000.0]",525000.0,,例成为最流行收取彩礼的地区，河北、广东、安徽、甘肃等省收取彩礼占比也较高。直辖市彩礼收取占比均较低，上海占比37%，为全国最低，天津、重庆和北京的比例分别为66%、56%和51%。新疆、青海、海南、西藏等,5384
531,广东,"[0.0, 790000.0, 890000.0, 370000.0]",512500.0,,00年以来，全国约有超过79%的婚姻收取彩礼，山东以超过89%的比例成为最流行收取彩礼的地区，河北、广东、安徽、甘肃等省收取彩礼占比也较高。直辖市彩礼收取占比均较低，上海占比37%，为全国最低，天津、重庆,5384
532,东三省,"[6000.0, 70000.0, 220000.0, 10000.0, 7.0]",61201.4,,6000元等“吉利价”。综合看，当前彩礼的全国均值约为7万元，浙江以约22万的平均值高居第一，福建、黑龙江、江西、内蒙古、山西等地区也较高，海南、西藏等地较低，约为1万元。独生子女群体的彩礼金额平均值约为7,5384
533,山东,"[2000.0, 790000.0, 890000.0]",560666.6666666666,,收取彩礼是全国性现象。大数据分析显示，2000年以来，全国约有超过79%的婚姻收取彩礼，山东以超过89%的比例成为最流行收取彩礼的地区，河北、广东、安徽、甘肃等省收取彩礼占比也较高。直辖市彩礼,5384
534,江西,"[70000.0, 220000.0, 10000.0, 7800.0]",76950.0,,元等“吉利价”。综合看，当前彩礼的全国均值约为7万元，浙江以约22万的平均值高居第一，福建、黑龙江、江西、内蒙古、山西等地区也较高，海南、西藏等地较低，约为1万元。独生子女群体的彩礼金额平均值约为7800,5384
535,福建,"[66000.0, 70000.0, 220000.0, 10000.0]",91500.0,,元、66000元等“吉利价”。综合看，当前彩礼的全国均值约为7万元，浙江以约22万的平均值高居第一，福建、黑龙江、江西、内蒙古、山西等地区也较高，海南、西藏等地较低，约为1万元。独生子女群体的彩礼金额平均,5384
536,西北,"[790000.0, 890000.0, 370000.0]",683333.3333333334,,全国约有超过79%的婚姻收取彩礼，山东以超过89%的比例成为最流行收取彩礼的地区，河北、广东、安徽、甘肃等省收取彩礼占比也较高。直辖市彩礼收取占比均较低，上海占比37%，为全国最低，天津、重庆和北京的比例,5384
537,西南,"[370000.0, 660000.0, 560000.0, 510000.0]",525000.0,,广东、安徽、甘肃等省收取彩礼占比也较高。直辖市彩礼收取占比均较低，上海占比37%，为全国最低，天津、重庆和北京的比例分别为66%、56%和51%。新疆、青海、海南、西藏等偏远地区的比例也较低。收取彩礼金额,5384
538,华北,"[2000.0, 790000.0, 890000.0, 370000.0]",513000.0,,，2000年以来，全国约有超过79%的婚姻收取彩礼，山东以超过89%的比例成为最流行收取彩礼的地区，河北、广东、安徽、甘肃等省收取彩礼占比也较高。直辖市彩礼收取占比均较低，上海占比37%，为全国最低，天津,5384
539,安徽,"[790000.0, 890000.0, 370000.0]",683333.3333333334,,以来，全国约有超过79%的婚姻收取彩礼，山东以超过89%的比例成为最流行收取彩礼的地区，河北、广东、安徽、甘肃等省收取彩礼占比也较高。直辖市彩礼收取占比均较低，上海占比37%，为全国最低，天津、重庆和北京,5384
540,天津,"[370000.0, 660000.0, 560000.0, 510000.0]",525000.0,,河北、广东、安徽、甘肃等省收取彩礼占比也较高。直辖市彩礼收取占比均较低，上海占比37%，为全国最低，天津、重庆和北京的比例分别为66%、56%和51%。新疆、青海、海南、西藏等偏远地区的比例也较低。收取彩,5384
541,江浙沪,"[1000000.0, 10000000.0, 12000.0, 100000.0, 8.0, 100000.0]",1868668.0,一般,陪嫁100万，装修女方出，你依然娶不起，因为这样的女的要求一套北京三环或者上海中环两房，市价1000w，婚宴算一般的会所，12000/桌，蜜月10w，月子中心8-10万，还有…，,5388
542,北京,"[1000000.0, 10000000.0, 12000.0, 100000.0, 8.0, 10.0]",1852003.0,一般,陪嫁100万，装修女方出，你依然娶不起，因为这样的女的要求一套北京三环或者上海中环两房，市价1000w，婚宴算一般的会所，12000/桌，蜜月10w，月子中心8-10,5388
543,上海,"[1000000.0, 10000000.0, 12000.0, 100000.0, 8.0, 100000.0]",1868668.0,一般,陪嫁100万，装修女方出，你依然娶不起，因为这样的女的要求一套北京三环或者上海中环两房，市价1000w，婚宴算一般的会所，12000/桌，蜜月10w，月子中心8-10万，还有…，,5388
544,北京,"[180.0, 80000.0]",40090.0,,边的例子吧，我家楼上有个男孩子，非常优秀，十六岁就考上了浙大，本科毕业后有考上了北大的研究生，已经在北京落户了，身高180+，颜值应该有8分吧，爸爸是三甲医院外科医生，妈妈是公务员，相亲认识了一个女的，三,5408
545,华北,"[2022.0, 2.0, 24.0, 2.0, 26.0, 10000.0]",2012.6666666666667,,2022年2月24日，河北男子宁某与柳城县女子梁某经媒人介绍认识。同年2月26日，宁某通过微信转账给梁某订婚彩礼金1万元。同年,5412
546,河南,[359000.0],359000.0,,　近日，河南永城一男子在车上拉横幅，开大喇叭，要求前妻退还法院判决的35.9万元彩礼。该男子称，前妻宁女士曾向自,5416
547,安徽,"[168000.0, 168000.0]",168000.0,,安徽合肥，水家湖镇，要求彩礼16.8万 安徽合肥，水家湖镇，要求彩礼16.8万,5423
548,北京,[],,多,，我实在没有多少钱去给她买那么好的，我就想说能不能少点，以后我补给你，她态度很坚决说不行。因为工作在北京，说结婚就趁着十月一那几天结婚，我现在心里很难受，她感觉一切都是那么的理所当然。我想问问这正常嘛，你,5430
549,西北,[],,多,问下吧友们，陕西这边彩礼大概多钱？ 问下吧友们，陕西这边彩礼大概多钱？,5434
550,北京,[2017.0],2017.0,多,生育与婚姻解绑，你能接受吗？】全国人大代表黄细花#建议无条件为非婚生育孩子上户口# 引发热议。上个月北京已允许非婚生子女随母报户口的消息引发了很多人对非婚生育的关注。据欧洲统计局，截至2017年，北欧部分,5462
551,江浙沪,[],,多,国外长相一般的有钱男人，想娶美女也要花很多钱。上海长相一般的有钱男人想找美女，不用花很多钱？,5471
552,上海,[],,多,国外长相一般的有钱男人，想娶美女也要花很多钱。上海长相一般的有钱男人想找美女，不用花很多钱？,5471
553,四川,"[2022.0, 5.0, 300000.0]",100675.66666666667,,2022年5月在江西省抚州市以结婚为由骗取他人彩礼30万元，涉嫌诈骗罪。案发后，江西省抚州市公安局临川分局进行立案侦查并将其列为网上在逃人员。,5480
554,江西,"[2022.0, 5.0, 300000.0]",100675.66666666667,,网上在逃人员吴某霞于2022年5月在江西省抚州市以结婚为由骗取他人彩礼30万元，涉嫌诈骗罪。案发后，江西省抚州市公安局临川分局进行立案侦查并将其列为网上在逃人员。,5480
555,西南,[],,多,我有个朋友长的一般，性格也比较无聊，不会风趣的聊天，不讨女人喜欢，他在和云南相接的一个国家工作，当地结婚根本不要彩礼，但他娶了当地女人当老婆，也给老婆及老婆亲人花了很多钱。,5510
556,华南,[],,多,据《纪实：美女书记：为保密贴钱贴人，司机：她不仅给的多，要的也多》报道，广西大新县委原书记赵丽，巧妙地利用专职司机作为中间人，将贿赂款项转交给自己。而对于这位中间人，既要让他听,5517
557,江浙沪,"[70000.0, 30000.0]",50000.0,,7月3日上海一小仙女，得知男友出轨，叫来网约车，要求网约车司机与自己发生关系遭拒绝后打砸网约车，司机遂后无奈报警,5525
558,上海,"[70000.0, 30000.0]",50000.0,,7月3日上海一小仙女，得知男友出轨，叫来网约车，要求网约车司机与自己发生关系遭拒绝后打砸网约车，司机遂后无奈报警,5525
559,西北,[170000.0],170000.0,,我和老婆是大学谈的，17年毕业，我就来了新疆，国企工作，我媳妇跟过来，我给安排了工作，,5538
560,北京,"[230000.0, 0.0]",115000.0,,本人女，南京定居，苏北人，23岁，00后初中学历，父亲自己干装修的，母亲全职主妇，没读过书。,5539
561,湖北,[230000.0],230000.0,,对象，23岁，湖北人，大专学历，父亲老师，母亲普通职工。,5539
562,西北,[],,多,一年多前，在陕西西安某商场做保安的李某，被小区买菜群一个名叫“倩倩”的女人加为好友，两人聊天、一起打游戏……就这样，,5548
563,四川,[56400.0],56400.0,,在抚州黎川高于5.64可以举报,5565
564,江浙沪,[],,多,概念，大家说的是高彩礼不好，而不是说彩礼不好。看了很多帖子，好像好几个地方，都没有要求高彩礼，北京，浙江，重庆，广东等等地方，所以得出结论，经济发达地区，彩礼应该是随意的。也就是说，经济发达地区，看重的不,5599
565,北京,[],,多,是偷换概念，大家说的是高彩礼不好，而不是说彩礼不好。看了很多帖子，好像好几个地方，都没有要求高彩礼，北京，浙江，重庆，广东等等地方，所以得出结论，经济发达地区，彩礼应该是随意的。也就是说，经济发达地区，看,5599
566,广东,[],,多,的是高彩礼不好，而不是说彩礼不好。看了很多帖子，好像好几个地方，都没有要求高彩礼，北京，浙江，重庆，广东等等地方，所以得出结论，经济发达地区，彩礼应该是随意的。也就是说，经济发达地区，看重的不是女儿嫁出去,5599
567,西南,[],,多,大家说的是高彩礼不好，而不是说彩礼不好。看了很多帖子，好像好几个地方，都没有要求高彩礼，北京，浙江，重庆，广东等等地方，所以得出结论，经济发达地区，彩礼应该是随意的。也就是说，经济发达地区，看重的不是女儿,5599
568,安徽,[100000.0],100000.0,,认识一个快递员，二婚，安徽的，娶了安徽的，10万彩礼，他说，之前认识另外一个女的，长得漂亮，在工厂上班，也是安徽的，不同市，未婚，他说想娶,5599
569,江西,[180000.0],180000.0,,好难受！楼主是江西赣州的，现在的女朋友是高中同学，也是赣州的。她18年考上了我们县城下一个乡镇的村小，特别偏的那种，而,5687
570,广东,"[2.0, 10000.0]",5001.0,,我拥有2套房一个在广东一个在老家，父母退休金不用我照顾，但是如果我结婚了，一个月1万都不够一家子的开销,5691
571,西南,"[0.0, 100000.0, 150000.0]",83333.33333333333,一般,结婚前吧，我也反对彩礼，而且重庆主城本来0彩礼，但是老婆是区县的有彩礼风俗，当地一般10万，我给了15万，现在婚后她很开心，她父母也,5698
572,河南,[],,多,武汉新洲女朋友我河南县级市  明天她哥哥结婚要我随一万多礼 武汉新洲女朋友我河南县级市  明天她哥哥结婚要我随一万多礼,5725
573,四川,"[30000.0, 30000.0]",30000.0,多,四川：女子还没结婚就生娃，索要3万彩礼被嫌贵，这点钱很多吗 四川：女子还没结婚就生娃，索要3万彩礼被嫌贵，这点钱很多吗,5735
574,广东,"[950000.0, 950000.0]",950000.0,多,请问广东95后结婚的彩礼一般是多少啊？ 请问广东95后结婚的彩礼一般是多少啊？,5744
575,北京,[],,多,北京本地男的取外地女方彩礼给多少合适呢 北京本地男的取外地女方彩礼给多少合适呢,5746
576,湖南,[],,多,父母是留给我的，我父母明确说了彩礼到时候就走个过场走完就会给我俩，由于我俩是一个从内蒙到济南，一个是湖南到济南，到时候办婚礼，我家里人过来，机票钱我爸妈说是该男方出的，但是男方家里花了很多钱在房车上，装修,5754
577,广东,"[60000.0, 60000.0]",60000.0,,广东茂名6万彩礼高吗 广东茂名6万彩礼高吗,5847
578,江西,[],,少,我们江西的风俗是这样的，女方嫁出去后就很少顾家了。说真的，我两个堂姐嫁出去在家生小孩照顾家庭没工作一分钱收入,5875
579,四川,[360000.0],360000.0,,我男的，36岁了，指标成都，不想结婚生子，和家人意见不统一。。。。我觉得的收入不足以让我在保持良好生活品质的情况下，再额外养一,5886
580,江浙沪,[],,多,有了解四川内江嫁到浙江需要多少彩礼吗？ 有了解四川内江嫁到浙江需要多少彩礼吗？,5889
581,四川,[],,多,有了解四川内江嫁到浙江需要多少彩礼吗？ 有了解四川内江嫁到浙江需要多少彩礼吗？,5889
582,河南,"[10000.0, 50000.0, 60000.0]",40000.0,多,和她认识了1年多，楼主家石家庄市的她家河南的，我们家条件不算太差，家里拆迁了5，6套房，家里自己做生意的，我还有个妹妹，她们家自己开了个小厂子,5896
583,江浙沪,[],,一般,浙北某县城行情。如果男方家庭一般，市区没买房子，也不愿意出彩礼，基本是两头。两头就是大家出一样的钱，aa,5904
584,江西,[],,少,我有个问题为什么江西彩礼那么高嫁妆那么少 我有个问题为什么江西彩礼那么高嫁妆那么少,5905
585,湖北,"[188000.0, 100000.0, 100000.0, 100000.0]",122000.0,,说是光彩礼就要18.8万，还不包括其他杂七杂八，这边这么高的吗？我是湖北的基本上都不会超过10万的。开始的时候以为10万应该够了，订婚的时候彩礼就给了10万，当时对方收下的,5914
586,安徽,"[240000.0, 240000.0]",240000.0,,坐标皖m，给我整蒙了，24样都是什么 坐标皖m，给我整蒙了，24样都是什么,5915
587,湖南,"[7.0, 15.0, 148000.0, 7.2]",37007.3,,湖南长沙，我父母已经给我买了一套房子，付了7成，贷款15年，车我也自己买了，我付了14.8万，贷款7.2,5925
588,广东,"[10.0, 20.0]",15.0,一般,想问一下，现在你们去喝喜酒还给红包吗？坐标广东粤西，无论是买房子还是结婚，都不用给红包了，反而摆酒主人见人就派小红包（一般10元，20元，人人有份,5967
589,江浙沪,[],,多,我在江苏无锡，身边的同事、朋友、同学普遍都有一种规律，女朋友家越穷就越是要求彩礼多少多少，反而女方家庭不错的,5986
590,西南,[300000.0],300000.0,多,30万，整个人都被搞抑郁了。反而很多无锡本地的女孩子不要求彩礼，随便给点表示一下就ok。还有认识几个重庆妹子那边也不怎么在乎彩礼，反而听说河南省彩礼要得高。！,5986
591,华北,"[300000.0, 300000.0]",300000.0,多,我一大学室友，女朋友河北省的，一张口彩礼要30万，室友一家人全部资产都没有30万，整个人都被搞抑郁了。反而很多无锡本地的女孩,5986
592,东三省,[],,少,东北的ip喜欢在网上讲白种人的精子库（这两年严打，能发出来的已经是少数了）,5995
593,江浙沪,[200000.0],200000.0,,我们家是上海本地郊区的有宅基地（新建），镇上有套新装修（集资房），还有一套拆迁房装修（购买的），还有辆20w的车,6012
594,上海,[200000.0],200000.0,,我们家是上海本地郊区的有宅基地（新建），镇上有套新装修（集资房），还有一套拆迁房装修（购买的），还有辆20w的车,6012
595,山东,"[88000.0, 80000.0]",84000.0,少,我感觉他们家对我的态度不好。坐标山东。男朋友说他那边彩礼88000，他妈妈说要给他买一辆奥迪a8，然后这样就少给我彩礼钱，这样合理吗？,6023
596,安徽,[2011.0],2011.0,,2011年，王燕松所在安徽省长丰县，成为“联合国人口基金第七周期性别平等项目”中国三个试点县之一。长丰县人口计生委副主任龚存兵,6035
597,华南,"[200000.0, 150000.0, 200000.0, 150000.0]",175000.0,左右,广西农村某女文化初中年龄20左右长相中下流水平彩礼15合理吗？ 广西农村某女文化初中年龄20左右长相中下流水平彩礼15合理吗？,6046
598,山东,"[5000.0, 20000.0, 3.0]",8334.333333333334,多,5000！然后结婚的女方给的人情钱大约2万3都给我们了。我岳父说，钱给你们，以后人情他们还。我媳妇是山东菏泽曹县的。都说菏泽彩礼多，这个也是看人。遇到通情达理的家庭真好。现在我把岳父岳母当自己亲生父母对待,6080
599,东三省,"[200000.0, 200000.0]",200000.0,,#东北女生要20万彩礼过分吗# 世风日下 #东北女生要20万彩礼过分吗# 世风日下,6099
600,西北,"[1000000.0, 400000.0, 30.0]",466676.6666666667,,我家在甘肃，弟弟三十四岁了，在合肥工作，买套房首付100万，其中40万是我借给他的，其余的贷款，弟弟女朋友30,6100
601,江西,[],,多,题主北方人独生子女，现在在上海读研。大学的时候和一个江西妹妹在一起了。妹妹家里还有一个弟弟，现在在考研。两个人感情现在也是很好。父母都是老师，但也没有太多积,6109
602,江西,"[300000.0, 300000.0]",300000.0,,前一段跟我租户聊天女方江西人彩礼要30万真心不理解！ 前一段跟我租户聊天女方江西人彩礼要30万真心不理解！,6128
603,河南,"[2010.0, 38400.0, 3.0]",13471.0,,我是河南的林州市的，男，普通家庭，2010年冬天结的婚，到第二年三月停止到如今彩礼钱3.84w（普通家庭3～,6130
604,湖南,[126600.0],126600.0,,我跟她谈了三年了我家是江西的她家是湖南永州的。她家里父母条件不是很好 彩礼要了12.66w 不包括哪些改口费什么的 然后她们那边结婚的时候,6138
605,江西,[126600.0],126600.0,,我跟她谈了三年了我家是江西的她家是湖南永州的。她家里父母条件不是很好 彩礼要了12.66w 不包括哪些改口费什么的 然后她们那,6138
606,广东,[],,多,现在广东彩礼大概多少 现在广东彩礼大概多少,6139
607,江浙沪,"[288000.0, 5.0, 6.0, 3.0]",72003.5,多,很多费用明细，彩礼只是其中一项，比如彩礼28.8万，还有上门费，给长辈小辈的现金，还有5金6金（我们浙江是3金），还有什么几万元衣服（我们浙江是丈母娘给女婿买），还有什么上车费，下车费，改口费，各种加起来,6156
608,河南,"[2017.0, 188000.0, 2020.0, 396000.0]",147009.25,多,第一次相亲是2017年 彩礼只要18.8万 女孩很漂亮，我犹豫了，我刚毕业几个月 没这么多钱，看着父母佝偻的身子，我放弃了 2020年，彩礼39.6万了 我因为工,6157
609,安徽,"[200000.0, 200000.0]",200000.0,,家人们，安徽省彩礼20万算高吗 家人们，安徽省彩礼20万算高吗,6164
610,江西,[150000.0],150000.0,一般,郊区，彩礼要15w左右，农村。女方要出嫁妆，一般是一辆车，彩礼给媳妇保管。很好奇其他地方是什么样的，江西就不用说了，大伙都知道,6173
611,天津,[150000.0],150000.0,一般,先说我家吧，天津郊区，彩礼要15w左右，农村。女方要出嫁妆，一般是一辆车，彩礼给媳妇保管。很好奇其他地方是什么样的，,6173
612,湖北,[300000.0],300000.0,,，导致离婚时全款房被分割财产的问题。对于女方来说，结婚的时候，也可以按照风俗习惯给一点彩礼，比如我们湖北这边，给个30万肯定是够了吧。女方如果有诚意，还可以适当反一点陪嫁，这样双方不就都能满意了么。,6184
613,湖北,[],,多,在鄂尔多斯的一个煤矿公司上班，一个月小一万块钱，就这还被他原来的女朋友各种嫌弃，谈了三年，要结婚时外地女,6189
614,河南,[],,多,谁帮我树立一下彩礼的价值观，或者分享一下自己的认知，我一个男生，想娶一个河南信阳的，彩礼大概多少，彩礼直接给对方父母嘛，对方嫁妆大概给多少。,6194
615,四川,[],,多,求助成都彩礼多少 求助成都彩礼多少,6204
616,东三省,[],,多,我女朋友是吉林省辽源市东丰县人有件事想问问你们，他们那彩礼是多少啊，我是山东人认识了一个那里的女孩，从大学开始谈的,6228
617,山东,[60000.0],60000.0,多,我女朋友是吉林省辽源市东丰县人有件事想问问你们，他们那彩礼是多少啊，我是山东人认识了一个那里的女孩，从大学开始谈的恋爱已经6年了，最近商量定亲的事，想问问彩礼那边都要要给多少，,6228
618,河南,[100000.0],100000.0,,是，如果你清楚了解自己在眼下到未来10年都没有比锂电池回收这个行业更好的机会，那么我的建议是：不要犹豫，果断拥抱行业、立即参与进去！,6243
619,北京,"[50000.0, 100000.0]",75000.0,,算5万吧（不是每笔收入都是工资，否则更高）。。。自己开销就算10万吧（这个已经非常节约了，我工作地在北京，又偶尔全国性出差，所以在燕郊租的房子。还不买车，有时候想省点钱还要做公交地铁）。。。处个对象儿一年,6255
620,江浙沪,[],,一般,有，不需要你照顾，和偏远地区最大区别在于，没有伏地魔，没有重男轻女，但是一般杭州父母都找本地的，或者浙江省内的，不会要外省的,6258
621,江西,[],,多,一般不加男方名，家里一切都是女方的，以后小孩也归女方姓，一般招上门的，都是余杭，萧山这种农村的多，和江西，安徽，贵州农村不同的是，杭州农村非常有钱，非常肥，不过丈母娘非常强势，你未来女婿如果听话，你就是半,6258
622,西南,[],,多,名，家里一切都是女方的，以后小孩也归女方姓，一般招上门的，都是余杭，萧山这种农村的多，和江西，安徽，贵州农村不同的是，杭州农村非常有钱，非常肥，不过丈母娘非常强势，你未来女婿如果听话，你就是半个儿子，以后,6258
623,安徽,[],,多,加男方名，家里一切都是女方的，以后小孩也归女方姓，一般招上门的，都是余杭，萧山这种农村的多，和江西，安徽，贵州农村不同的是，杭州农村非常有钱，非常肥，不过丈母娘非常强势，你未来女婿如果听话，你就是半个儿子,6258
624,华北,[100000.0],100000.0,,坐标内蒙古三线城市，和对象相处快10年了，感情一直稳定，我本科她研究生，今年研究生毕业考了个大专老师，现在准备,6261
625,北京,[],,一般,两口子都是我们班的同学，姑娘是吉安的独生女，她爹是医院院长她妈妇产科主任，妥妥的白富美。后来考研了在北京工作，父母掏大头给买的房子，男同学家庭一般只出了个零头。,6272
626,广东,"[80000.0, 900000.0, 68000.0, 40000.0, 8000.0]",219200.0,,再说说我知道的情况，我小舅舅比我大8岁，90年代末期的时候广东打工认识的江西妹纸要彩礼6.8，要知道04年我姐结婚才8000的彩礼，所以毫不意外地分了。,6272
627,湖南,"[12.0, 20000.0]",10006.0,,我湖南郴州的，12年年底结婚，两口子都是本地农村出来的大学生老婆是医生，彩礼2万婚礼上都退还给我了，我们这,6272
628,江浙沪,"[700.0, 700.0]",700.0,,在上海水摸店700点过一个江西js 在上海水摸店700点过一个江西js,6275
629,上海,"[700.0, 700.0]",700.0,,在上海水摸店700点过一个江西js 在上海水摸店700点过一个江西js,6275
630,江西,"[700.0, 700.0]",700.0,,在上海水摸店700点过一个江西js 在上海水摸店700点过一个江西js,6275
631,江浙沪,[990000.0],990000.0,,99年的，想找个以结婚为目的，上海工作有房能加我名的老乡，接受一起还贷，但是本人工资不高可能帮不上什么忙。我要求是不是太高了，来个人骂,6283
632,上海,[990000.0],990000.0,,99年的，想找个以结婚为目的，上海工作有房能加我名的老乡，接受一起还贷，但是本人工资不高可能帮不上什么忙。我要求是不是太高了，来个人骂,6283
633,江西,"[100000.0, 100000.0]",100000.0,大概,普通人，江西的，高中学历，嫁妆大概10个，来个人骂醒我 普通人，江西的，高中学历，嫁妆大概10个，来个人骂醒我,6283
634,北京,"[110000.0, 700000.0, 164.0]",270054.6666666667,,"女友比我小11岁，北京二环土著（她也没房，父母有一套不到70平），身高164,遗传学硕士，长的也挺漂亮。",6321
635,河南,[150000.0],150000.0,,子也会遭遇这个事情）②（后男方母亲和男方父亲谈后决定定亲，但按照男方地区最高彩礼15万 ★注:男方是河南的，还有个弟弟，想要两个儿子彩礼给的一样 ★注:男方父母虽然是干外贸的小厂，但受疫情影响上个月才复工,6322
636,江西,"[240000.0, 120000.0, 16.0]",120005.33333333333,,★ ◎女方父母:①觉得应该男方主动提彩礼定亲（但目前是女方家长劝说后同意定亲）②女方是江西的，父母说24万是最低的彩礼标准，要求定金12万（刚开始男方父母不想定亲，因为女方年龄16小，想再谈,6322
637,江浙沪,[],,多,男比女多都是经济差的地方，江苏为例。苏南全是女比男多，苏北稍 男比女多都是经济差的地方，江苏为例。苏南全是女比男多，苏北稍,6323
638,安徽,"[1.0, 13.0, 2080000.0]",693338.0,,：1月13日，安徽阜阳。婚车司机周先生发视频，新人结婚，新娘家拉出横幅称彩礼分文不要，陪嫁208万，还有一套房一辆车，,6336
639,四川,"[900000.0, 600000.0]",750000.0,多,有个山西女朋友，本人研究生学历，还有一年毕业，女朋友也是研究生刚毕业在山西太原教书没编制。本人老家在成都旁边的地级市德阳，本人有套商品房房不大90多平，前几年全款买的。还有套拆迁房，60平，但小产权不值钱,6348
640,江西,[],,多,这个把的江西人多吗？,6352
641,四川,[],,多,哥们儿成都的 感觉我们这里不咋提彩礼 但是还是大多数要求有车有房,6354
642,江浙沪,[88000.0],88000.0,,后来我在上海隔壁有几个安徽邻居，一个是二婚对二婚零彩礼，另一个是头婚对二婚女方陪嫁了一辆车，男方给了88000,6368
643,上海,[88000.0],88000.0,,后来我在上海隔壁有几个安徽邻居，一个是二婚对二婚零彩礼，另一个是头婚对二婚女方陪嫁了一辆车，男方给了88000,6368
644,安徽,[88000.0],88000.0,,后来我在上海隔壁有几个安徽邻居，一个是二婚对二婚零彩礼，另一个是头婚对二婚女方陪嫁了一辆车，男方给了88000,6368
645,江浙沪,[],,多,兄弟们，谁知道江苏彩礼多少！！！ 兄弟们，谁知道江苏彩礼多少！！！,6371
646,江浙沪,[200000.0],200000.0,,被子啥的，合理吗？她是北方河南的她说她老家那边彩礼都20万起步的，二婚的也是这个数已经很照顾我了，我江苏南方这边的，我们这边头婚也就给个几万彩礼意思一下，女方还要另外给陪嫁的，我不懂我这样是不是有点被坑了,6375
647,河南,"[8.0, 50000.0, 200000.0]",83336.0,,8彩礼，三金，钻戒，然后彩礼带回来5万说是当做陪嫁，然后结婚的时候她再买点被子啥的，合理吗？她是北方河南的她说她老家那边彩礼都20万起步的，二婚的也是这个数已经很照顾我了，我江苏南方这边的，我们这边头婚也,6375
648,江西,"[160000.0, 8.0]",80004.0,,结婚被女方家里（江西）要彩礼16w8+三金，女方家没嫁妆，在女方那边办酒会给礼金，也是男方出，但是这个礼金最后是亲戚朋友,6388
649,山东,"[2017.0, 2021.0, 2017.0]",2018.3333333333333,,我和女方都是山东农村的，2017年定亲，2021年举办婚礼。 2017年我们村定亲彩礼在一万一和六万六之间，一万一的,6392
650,华南,"[38000.0, 38000.0]",38000.0,,广西某市某县城彩礼3.8万已经被说是卖女儿了 广西某市某县城彩礼3.8万已经被说是卖女儿了,6396
651,广东,[],,少,广西广东江西河南很少听说有嫁妆，不知道的人还以为是纳妾了。毕竟纳妾只给彩礼，不收嫁妆。我们市关于彩礼的评价，,6408
652,河南,[],,少,广西广东江西河南很少听说有嫁妆，不知道的人还以为是纳妾了。毕竟纳妾只给彩礼，不收嫁妆。我们市关于彩礼的评价，自己看看,6408
653,江西,[],,多,妆难道有钱人都是傻子？比穷人还傻？难道有钱人钱没地方用，当然是有他的道理。所以这些地方都彩礼不知道比江西高多少，但是人家回双倍，所以没人骂而已,6408
654,华南,[],,少,广西广东江西河南很少听说有嫁妆，不知道的人还以为是纳妾了。毕竟纳妾只给彩礼，不收嫁妆。我们市关于彩礼的评,6408
655,江西,"[168888.0, 250000.0]",209444.0,少,江西 彩礼不反 嫁妆很少 168888起 一个字坑！ 结婚没25万下不来。,6410
656,江西,"[0.0, 0.0]",0.0,多,看下江西县城00后结婚的彩礼，这大概有多少 看下江西县城00后结婚的彩礼，这大概有多少,6417
657,广东,"[20.0, 200000.0]",100010.0,一般,有彩电冰箱洗衣机。我要笑死了真的，然后我劝他别急着找，家里条件不行先去工作两年，工科专业嘛一般去广州深圳一年搞个20来w两年存个20w再说这种事儿，说不定在那边能碰到更好的女孩子嘛，结果回趟家定亲了，看来,6423
658,江西,"[100000.0, 200000.0]",150000.0,多,了，大部分女方家里面还倒贴一辆车，我认识的亲戚结婚女方基本都会给辆车，基本都是10w-20w的，看了江西彩礼彻底惊到我了，是不是越穷的地方彩礼要的越多啊？,6424
659,广东,[],,多,湖南益阳桃江彩礼当地多少？远嫁广东需要多少彩礼？,6438
660,湖南,[],,多,湖南益阳桃江彩礼当地多少？ 湖南益阳桃江彩礼当地多少？,6438
661,北京,"[165.0, 185.0]",175.0,,找一个独生女，身高165厘米以上，城里人，父母双方有医保社保，男方家里北京城里有房，有车，可以提供房子首付，汽车，这样的要求高不高？男方185cm。,6472
662,西南,"[350000.0, 4000.0]",177000.0,,坐标贵州，我今年35岁一直没结婚，家庭情况并不好，虽然有个稳定的工作，但是一个月只有4000的收入，有辆二手,6499
663,福建,"[11.0, 28.0, 5.0, 180000.0]",45011.0,,11月28日（发布时间），福建泉州一男子出轨离婚后和情人办婚礼，结果却在5天后发现情人已和前男友领证，愤怒要求退还彩礼等共计18万,6519
664,北京,[10000.0],10000.0,,女友是北京土著，其实逻辑和我一样的。。。他母亲没工作，父亲最高工资才1万出头。。。作为新时代年轻人，她现在底薪,6520
665,河南,[],,多,谁知道河南民权城关镇那边的结婚彩礼是多少？谢谢 谁知道河南民权城关镇那边的结婚彩礼是多少？谢谢,6555
666,江浙沪,[70000.0],70000.0,左右,我儿子现在7岁了，我打算到时候他结婚给他全款买套房（浙江二线城市）再加一辆二十左右的车子，但是不给一分彩礼，这样他能娶到老婆吗？,6565
667,福建,"[4.0, 600000.0]",300002.0,一般,4、彩礼。彩礼根据地方习俗不同，一般在八万到二十万之间比较常见。福建莆田要60万。,6586
668,西南,[70000.0],70000.0,一般,7、蜜月。以三亚、云南、泰国等热门旅游景点来看，价格一般在七千至九千元每人。,6586
669,江浙沪,[],,多,连上海的女方得到姓氏传承也知道要多付出物质 连上海的女方得到姓氏传承也知道要多付出物质,6589
670,上海,[],,多,连上海的女方得到姓氏传承也知道要多付出物质 连上海的女方得到姓氏传承也知道要多付出物质,6589
671,江浙沪,[],,一般,我是江苏的，女朋友贵州毕节的，想问下大家贵州毕节地区彩礼一般 我是江苏的，女朋友贵州毕节的，想问下大家贵州毕节地区彩礼一般,6605
672,西南,[],,一般,我是江苏的，女朋友贵州毕节的，想问下大家贵州毕节地区彩礼一般 我是江苏的，女朋友贵州毕节的，想问下大家贵州毕节地区彩礼一般,6605
673,江浙沪,[300000.0],300000.0,,本人男，上海土著，两套房一辆车，女方农村，她父母要30万，不返还给我对象（她家独生子女，她爸喜欢打牌，一屁股债）,6669
674,上海,[300000.0],300000.0,,本人男，上海土著，两套房一辆车，女方农村，她父母要30万，不返还给我对象（她家独生子女，她爸喜欢打牌，一屁股债）,6669
675,北京,[180000.0],180000.0,,儿一样，我家18线小城市，我堂姐结婚都没搞什么彩礼的，双方家庭一起出钱买房子，也就我姐夫工作买了一辆北京现代，也没见我婶婶挑毛病啊，难道经济越发达越贪钱？我姐夫那边父母离婚，我侄子侄女也都是婶婶过去照顾，,6712
676,江西,[],,左右,她江西的离过婚，但是没有小孩，对我真的好啊！钱我们家给的出来（父母做生意）但是我这边彩礼基本十几万左右，女,6725
677,湖南,[110000.0],110000.0,,无聊翻了翻帖子。。某些省市真的这么恐怖的吗？不说广东了 ，11年娶的湖南媳妇，老家是四线城市农村的。。彩礼还是我提出来的，当时问岳父岳母的时候说没这风俗。。,6731
678,广东,"[700000.0, 1000000.0]",850000.0,左右,事情的开始是这样：我家里有四套房子，三线小城市三套，广州一套，广州那套房子在还房贷有70w加上利息100w左右，前几天跟女方谈了一下结婚的事情，我跟它说买房子已经掏空,6756
679,江西,[500000.0],500000.0,左右,人人都说江西彩礼贵，殊不知我们村的彩礼基本都在50万左右。,6772
680,东三省,[],,多,现在各地的彩礼大概是多少，我是辽宁的，有没有人知道这边大概是 现在各地的彩礼大概是多少，我是辽宁的，有没有人知道这边大概是,6797
681,广东,[20000.0],20000.0,,2.我亲妹结婚，嫌陪嫁麻烦，一分彩礼不要，陪嫁也没给。还是嫁给广东茂名那边，定居深圳。,6812
682,西北,[40000.0],40000.0,,4.我姨妈的女儿，独生女，我妹夫独子，还是新疆人，两口子深圳机场做安检，结婚也是一分彩礼不要，男方出酒席钱，婚礼钱。,6812
683,湖北,[40000.0],40000.0,少,4. 婚后共同买房父母少干扰生活，如果双方不是同省份，比如一个安徽一个湖北，买房买在中间或者第三方城市能接受吗,6852
684,安徽,[40000.0],40000.0,少,4. 婚后共同买房父母少干扰生活，如果双方不是同省份，比如一个安徽一个湖北，买房买在中间或者第三方城市能接受吗,6852
685,江浙沪,"[580000.0, 8.0, 280000.0, 580000.0, 8.0, 280000.0]",286669.3333333333,少,在我们浙江慈溪彩礼一般最起码58万8左右。条件差的最少也要28万 在我们浙江慈溪彩礼一般最起码58万8左右。条件差的最少也要28万,6853
686,广东,"[120.0, 800000.0, 5.0, 80000.0, 8000.0]",177625.0,,大学生娶漂亮的女人别做梦啦，老老实实娶个长相中等的农村女人吧，我说说我吧老家一套120平小孩读书用，深圳郊区一套80万上班用，就行啦，你没那个学历你买在深圳市中心也没用，别人一个月5-8万你一个月8000,6856
687,江浙沪,[280000.0],280000.0,,对象女四川德阳人，全家定居在江苏常州用的暂住证，我江苏苏州，谈了三年，她妈妈说28万彩礼给她弟弟，嫁妆随一点零零碎碎算正常吗？,6861
688,四川,[280000.0],280000.0,,对象女四川德阳人，全家定居在江苏常州用的暂住证，我江苏苏州，谈了三年，她妈妈说28万彩礼给她弟弟，嫁妆随一点零,6861
689,北京,[2.0],2.0,,用娶嫁的标准去结婚和用结婚的标准去嫁娶，都是耍流氓！不惯着，北京的普通意义的彩礼，2元！来，欢迎，走，不送！,6868
690,华北,[],,多,内蒙古彩礼一般是多少？ 内蒙古彩礼一般是多少？,6871
691,北京,[],,多,大家知道东京的房价是多少吗？ 大家知道东京的房价是多少吗？,6885
692,江浙沪,[],,少,要独自承担起所有的家务活儿（即使她还做着一份全职工作），还要做晚饭等等。她们的男人是不会帮她的，只有上海的男人不这样。对于试图融入截然不同的中国社会的西方女性来讲，做到这一点实在是太难了。至少我就做不到。,6887
693,北京,[],,多,发现很少有西方女性与中国男性约会，只是偶尔遇到例外。相反却看到很多外国男子和中国女性在一起，特别是在北京三里屯地区。为什么会出现这种情况呢？,6887
694,上海,[],,少,要独自承担起所有的家务活儿（即使她还做着一份全职工作），还要做晚饭等等。她们的男人是不会帮她的，只有上海的男人不这样。对于试图融入截然不同的中国社会的西方女性来讲，做到这一点实在是太难了。至少我就做不到。,6887
695,江浙沪,"[1000000.0, 730000.0, 60000.0, 6000.0, 6000.0, 50000.0]",308666.6666666667,一般,首先年入100万税后就是73万每个月就是6万吧，然后这种工作一般都是北京中关村和上海陆家嘴，一个月6000的房租算低的吧？所有开销6000一个月，就是5万一个月吗，我不算你养小孩父母，,6901
696,北京,"[1000000.0, 730000.0, 60000.0, 6000.0, 6000.0, 50000.0]",308666.6666666667,一般,首先年入100万税后就是73万每个月就是6万吧，然后这种工作一般都是北京中关村和上海陆家嘴，一个月6000的房租算低的吧？所有开销6000一个月，就是5万一个月吗，我不算你,6901
697,上海,"[1000000.0, 730000.0, 60000.0, 6000.0, 6000.0, 50000.0]",308666.6666666667,一般,首先年入100万税后就是73万每个月就是6万吧，然后这种工作一般都是北京中关村和上海陆家嘴，一个月6000的房租算低的吧？所有开销6000一个月，就是5万一个月吗，我不算你养小孩父母，,6901
698,东三省,[10000.0],10000.0,,1.本人辽宁，对象家内蒙，马上订亲，一切按女方习俗，包毛巾，改口，彩礼给一半，现在研究的订婚不用改口，结婚在改,6904
699,广东,[],,多,第一梯队深圳土著人少钱多，嫁过去包租婆,6919
700,江浙沪,"[150000.0, 5000.0, 30.0, 300000.0]",113757.5,,没给她彩礼钱 彩礼要15w 她父母拿了订金但是没要彩礼钱 所以不用陪嫁 我想问下有这样的吗 我们都在上海这里上班 在这结婚 婚宴每桌起码得5000 不然对象不干 加上烟酒 30桌 还有结婚仪式之类的30万,6921
701,上海,"[150000.0, 5000.0, 30.0, 300000.0]",113757.5,,没给她彩礼钱 彩礼要15w 她父母拿了订金但是没要彩礼钱 所以不用陪嫁 我想问下有这样的吗 我们都在上海这里上班 在这结婚 婚宴每桌起码得5000 不然对象不干 加上烟酒 30桌 还有结婚仪式之类的30万,6921
702,安徽,"[100000.0, 1.0, 60000.0, 6.0]",40001.75,一般,家里都是安徽的 我家条件一般 女方很穷还有个弟弟 相亲认识的 订婚时候给了10万零1 收红包收了6万6 都给女方,6921
703,江浙沪,[30000.0],30000.0,,目前已经在湖南河北云南开始征收，这样的话房价直接要断崖式下滑了，如果江苏和广东征收那么将是暴击啊，这3个地方的开发商也将全面抛售房屋，房子将变成白菜价,6928
704,广东,[30000.0],30000.0,,目前已经在湖南河北云南开始征收，这样的话房价直接要断崖式下滑了，如果江苏和广东征收那么将是暴击啊，这3个地方的开发商也将全面抛售房屋，房子将变成白菜价,6928
705,湖南,[30000.0],30000.0,,目前已经在湖南河北云南开始征收，这样的话房价直接要断崖式下滑了，如果江苏和广东征收那么将是暴击啊，这3个地方的开发,6928
706,西南,[30000.0],30000.0,,目前已经在湖南河北云南开始征收，这样的话房价直接要断崖式下滑了，如果江苏和广东征收那么将是暴击啊，这3个地方的开发商也将全,6928
707,华北,[30000.0],30000.0,,目前已经在湖南河北云南开始征收，这样的话房价直接要断崖式下滑了，如果江苏和广东征收那么将是暴击啊，这3个地方的开发商也,6928
708,江浙沪,"[3000000.0, 2.0]",1500001.0,,什么是杀猪盘那不就是现在还提买房吗，你买上海青浦 嘉定那就是杀猪盘吗，300万买个郊区干嘛？天天挤地铁实现2小时通勤的爽快？现在公认的好的商圈就,6946
709,上海,"[3000000.0, 2.0]",1500001.0,,什么是杀猪盘那不就是现在还提买房吗，你买上海青浦 嘉定那就是杀猪盘吗，300万买个郊区干嘛？天天挤地铁实现2小时通勤的爽快？现在公认的好的商圈就,6946
710,华北,"[30000.0, 260000.0]",145000.0,,【女子回应离婚后闺蜜拉横幅庆祝：没啥大事 离婚快乐】3月26日，河北沧州。代女士离婚后，闺蜜组团在法院门口拉横幅为她“庆祝”。据代女士称，闺蜜们的到来就像是告诉她那些昏,6981
711,北京,[150000.0],150000.0,,某app上加了个妹子，跟我讲她的前男友们。有个很帅的北京农村男生她很喜欢 。跟人家一分钱彩礼不要，还打算倒贴15万作为结婚基金，逢年过年就转几千大红包给那男,6988
712,江浙沪,"[660000.0, 880000.0, 500000.0]",680000.0,多,网上随便聊聊遇到一个江西女的。没聊几句就问在上海有独立房子吗？房子多大？还说我们江西彩礼挺讲究的要66万或88万，还问我能给50万吗哈哈哈哈哈。我真,6989
713,上海,"[660000.0, 880000.0, 500000.0]",680000.0,多,网上随便聊聊遇到一个江西女的。没聊几句就问在上海有独立房子吗？房子多大？还说我们江西彩礼挺讲究的要66万或88万，还问我能给50万吗哈哈哈哈哈。我真,6989
714,江浙沪,[],,大概,我不是北上广的，我是江浙沪的，我大概说一下剩女是个什么情况,6993
715,上海,[],,大概,我不是北上广的，我是江浙沪的，我大概说一下剩女是个什么情况,6993
716,江西,"[288000.0, 2000000.0, 2000000.0]",1429333.3333333333,少,就如主题所说一样，我们不能把同样金额的彩礼套到不同地区，觉得不同地区都可以一样。比如江西流行28.8w，在我们这边相当于200w彩礼，如果是200w彩礼你还会觉得少吗？（当然我们这边没彩礼,7075
717,北京,[],,多,结果，这女的就开始炫富，在北京多么多么有钱，还说出“只要努力就能赚到钱”的鬼话。然后突然就开始人身攻击。“你们穷人”“我们都是。。,7118
718,西南,[],,一般,我重庆人，一般都没有什么彩礼。有的是象征性的几万。,7168
719,华南,[920000.0],920000.0,,本人男生，单身未婚，92年，来自广西贺州市，姓刘，不抽烟。身体健康，无不良嗜好，现在在惠州市大亚湾西区水口新村，真诚想找一位女朋友，处对,7191
720,湖北,"[10.0, 200000.0, 200000.0, 25.0, 200000.0]",120007.0,,你年轻时10-20万彩礼都不肯出，你年龄大了，得重病需要20万，他绝对让你等死，参见25岁湖北女，丈夫拒绝20万做手术治疗宫颈癌，让她等死。,7202
721,江浙沪,[500000.0],500000.0,多,多少女人混的还不如这个女保姆？北京上海现在已经有很多男人打着这个心思白嫖了，反正不出彩礼，玩几年把女人最好几年霍霍了甩了，现在离婚率超50,7215
722,北京,"[600000.0, 7000.0, 450000.0]",352333.3333333333,多,一个北京60多岁男退休老教授，花7000块钱每月请了45岁农村女保姆，保姆勤快干活麻利，把教授照顾的很好，同,7215
723,上海,[500000.0],500000.0,多,多少女人混的还不如这个女保姆？北京上海现在已经有很多男人打着这个心思白嫖了，反正不出彩礼，玩几年把女人最好几年霍霍了甩了，现在离婚率超50,7215
724,东三省,"[62.0, 200000.0, 62.0, 200000.0]",100031.0,,东北62岁老太太再婚要20万彩礼，何其明智 东北62岁老太太再婚要20万彩礼，何其明智,7215
725,东三省,[200000.0],200000.0,一般,），现在想全款买个20万车开，家人说我还没结婚，将来结婚我什么都有了，女方啥都不用出了，不合适，我们辽宁那边一般是男方给彩礼，女方会带个车。,7243
726,江浙沪,[],,多,相貌普通，矮胖的女性，江浙沪很多啊。,7245
727,上海,[],,多,相貌普通，矮胖的女性，江浙沪很多啊。,7245
728,江浙沪,[40000.0],40000.0,一般,我是江苏南京人，对象是无锡人，谈了4年了。我们南京这里两个本地人结婚一般不要彩礼，一般都是女方陪嫁妆，汽车，,7280
729,北京,[4.0],4.0,一般,我是江苏南京人，对象是无锡人，谈了4年了。我们南京这里两个本地人结婚一般不要彩礼，一般都是女方陪嫁妆，汽车，或者几十万之类的，前提是男方有房，彩礼就算,7280
730,湖南,[2019.0],2019.0,,2019年，湖南娄底涟源，媒婆和谢某文（智障女的父亲）隐瞒了婷婷（智障女儿）的实际年龄和订婚史，嫁给陈家。陈父花光十,7283
731,北京,"[93.0, 150000.0, 5000.0]",51697.666666666664,,本人女，本科，93年，工作地点北京，年薪15万，有一套一居室，每月还贷款5000，父母有退休工资，处女。,7284
732,西北,[],,多,儒家看不起所有的弱势群体，并没有针对女人，所以彩礼传统一直传承至今。弱势群体听天由命却不甘心贫穷，于是有了今天的“内卷”；强势群体信奉天生的贵种，自然推波助澜。很多女生虽然身处贫穷，但有理由,7285
733,广东,"[0.0, 300000.0, 15.0, 200000.0]",125003.75,多,0万彩礼，如果是这段时间能多赚就给我凑到30万，我自己婚前准备了大概15-20万左右价值的黄金（我是广东的我们那里结婚戴黄金比较多，所以我一直有存黄金的习惯就是给自己存嫁妆）听说结婚要放压箱子钱，如果他给,7305
734,江西,"[3000000.0, 800000.0, 2.0]",1266667.3333333333,,月薪过万 大城市有房有车有学历，这种情况大城市还是有的，但你一结婚就会发现他的负债起码300万以上，江西不就是有个女的要这要那结婚一结婚发现负债80万，这还只是2线城市，剩女要在以这种条件找的话只会让你变,7333
735,江浙沪,"[2016.0, 7.0, 80000.0]",27341.0,,同学e2016年嫁浙江，彩礼7-8万给女方父母，远嫁，前两年买了房。,7380
736,湖南,"[2014.0, 60000.0, 6.0, 80000.0]",35505.0,,同事f湖南，2014年结婚，彩礼6万，女方压箱底6-8万带回小家庭。,7380
737,华南,[],,普遍,楼主坐标广西某地方的贫困山区的小县城，这边的彩礼普遍很低，接触的也都是家庭条件差的，所以女方结婚倒贴是听说的，大,7380
738,安徽,"[2012.0, 8000.0]",5006.0,,亲戚g远嫁安徽，2012年结婚，给了8000块给监护人。,7380
739,华北,[],,多,我八七年的 单身 河北廊坊霸州靠近天津市农村的 有自建平房有个十多万的车 找个和我差不多的 带个孩子也可以 要是带孩子的话,7403
740,天津,[],,多,我八七年的 单身 河北廊坊霸州靠近天津市农村的 有自建平房有个十多万的车 找个和我差不多的 带个孩子也可以 要是带孩子的话以后要不要孩子两,7403
741,江浙沪,[10000.0],10000.0,多,1、充面子。像我们浙江这边彩礼给的高，女生随辆差不多的车当嫁妆，彩礼和嫁妆差不多，就是为了面子说出去好听的，那看两家人的经,7410
742,西北,[],,多,有陕西商洛的吗？商洛彩礼多少钱 有陕西商洛的吗？商洛彩礼多少钱,7448
743,华北,"[16.6, 18.8]",17.700000000000003,,男朋友家陕西商洛市商州区的，我家山西运城的，我们这边彩礼基本上16.6，18.8起步，男朋友说商洛基本上没有十万以上的，我想问问是这样吗,7448
744,西北,"[15000.0, 93.0]",7546.5,,，爱打王者荣耀（大腿级别），月收入1.5万➕，性格外向，想找个单纯的站直低头看不到自己鞋子的女孩，在新疆有车有房，目前没有定居计划所以哪里无所谓#93#,7460
745,河南,[2000.0],2000.0,多,河南省禹州市郭连镇后闫楼村四队的，闫涵、女、2000年出生，收了订婚的六万多块钱跟别的男人跑了，有认识闫,7462
746,四川,[],,多,本人四川的，想问一下四川这边的彩礼一般是多少啊 本人四川的，想问一下四川这边的彩礼一般是多少啊,7491
747,江浙沪,[985.0],985.0,,的，别老说江西女了，我之前认识了一个江西男的，农村的长的又锉又矮，满脸痘痘，家里一个姐姐读二本嫁到了上海，彩礼五十万，一个妹妹也读二本，家里重男轻女全力供他，好不容易读了个985，上了大学天天在游戏群福利,7502
748,上海,[985.0],985.0,,的，别老说江西女了，我之前认识了一个江西男的，农村的长的又锉又矮，满脸痘痘，家里一个姐姐读二本嫁到了上海，彩礼五十万，一个妹妹也读二本，家里重男轻女全力供他，好不容易读了个985，上了大学天天在游戏群福利,7502
749,西北,[],,多,.感情不够金钱来凑，对于很多成功人士来说，感情一定不能和金钱挂钩，不然婚姻就是悲剧。日后双方都心有不甘，都出轨。,7508
750,江西,[210000.0],210000.0,,我是江西的，她是云南的，因为读中专勤工俭学工厂里认识的，我们一样的；21年底去她家当时丈母娘说不要彩礼只要求,7532
751,西南,[210000.0],210000.0,,我是江西的，她是云南的，因为读中专勤工俭学工厂里认识的，我们一样的；21年底去她家当时丈母娘说不要彩礼只要求我家在她家那,7532
752,四川,[100000.0],100000.0,,我家在成都定居，有车有房，找个女朋友她有房贷，让我出10w彩礼然后回一床棉被，然后她老老实实按揭三十年。房子给,7544
753,广东,"[2.0, 38.8]",20.4,多,本人家境一般，深圳2套房，存款三十多万，前段时间和谈了一年多的女友谈结婚的事情，他们那边38.8最低，陪嫁没有，最开始,7548
754,江西,"[388000.0, 388000.0]",388000.0,,江西女朋友彩礼38.8.陪嫁什么都没有，不知道该怎么办 江西女朋友彩礼38.8.陪嫁什么都没有，不知道该怎么办,7548
755,广东,"[20000.0, 180000.0, 1.0]",66667.0,左右,女方:父母在广东打工两个加起来一个月有2万左右，家里有一个弟弟读初一。 她要求我给18万的彩礼（昨晚还问我她值不值1,7563
756,山东,[230000.0],230000.0,,本人23岁山东男，一直知道彩礼这东西，但是长辈们几乎没提过彩礼，所以从来没想过给彩礼的事。那对于女性来说，是从小就,7572
757,河南,[],,多,我家是河南的，三年前来到南昌认识了女朋友然后就在一起了，她也不是南昌人，是南昌周边的，一个多小时车程吧，恋爱三,7575
758,东三省,[100000.0],100000.0,多,楼主坐标东北。当初计划生育落实的好，这边小城市基本10万左右，然后多少彩礼多少嫁妆，然后一起给小两口带走作为启动,7598
759,北京,[],,少,我也希望自己能做到当断不断，必受其害的道理。(送给怼我的人的话：特码的你们一个个酸什么那会？我特码在北京一个月工资到手两万，还有别的收入，家里父母做小生意也有不少存块，什么我没有实力给不了，我特码就想问问,7601
760,江浙沪,[2021.0],2021.0,,2021年离婚率最高的，排名前十的，吉林，辽宁，黑龙江，北京，重庆，天津，上海，新疆，四川等，发现没有？基本上离婚率高的地区，东三省，北京，天津，上海，四川，重庆，这些地区都是不,7610
761,北京,[2021.0],2021.0,,2021年离婚率最高的，排名前十的，吉林，辽宁，黑龙江，北京，重庆，天津，上海，新疆，四川等，发现没有？基本上离婚率高的地区，东三省，北京，天津，上海，四川，重,7610
762,上海,[2021.0],2021.0,,2021年离婚率最高的，排名前十的，吉林，辽宁，黑龙江，北京，重庆，天津，上海，新疆，四川等，发现没有？基本上离婚率高的地区，东三省，北京，天津，上海，四川，重庆，这些地区都是不,7610
763,四川,[2021.0],2021.0,,2021年离婚率最高的，排名前十的，吉林，辽宁，黑龙江，北京，重庆，天津，上海，新疆，四川等，发现没有？基本上离婚率高的地区，东三省，北京，天津，上海，四川，重庆，这些地区都是不要彩礼的，也,7610
764,西北,[2021.0],2021.0,,2021年离婚率最高的，排名前十的，吉林，辽宁，黑龙江，北京，重庆，天津，上海，新疆，四川等，发现没有？基本上离婚率高的地区，东三省，北京，天津，上海，四川，重庆，这些地区都是不要彩礼,7610
765,西南,[2021.0],2021.0,,2021年离婚率最高的，排名前十的，吉林，辽宁，黑龙江，北京，重庆，天津，上海，新疆，四川等，发现没有？基本上离婚率高的地区，东三省，北京，天津，上海，四川，重庆，这,7610
766,天津,[2021.0],2021.0,,2021年离婚率最高的，排名前十的，吉林，辽宁，黑龙江，北京，重庆，天津，上海，新疆，四川等，发现没有？基本上离婚率高的地区，东三省，北京，天津，上海，四川，重庆，这些地区,7610
767,江浙沪,[290000.0],290000.0,,浙江一位29岁的男子，因为家里人不断的催促，于是就接受了相亲的安排。,7625
768,四川,"[94.0, 162.0, 70000.0]",23418.666666666668,多,光棍来碰运气，有没有看上的，我条件差哈哈，94年，陕川渝鄂交界处，净162高，大专学历，居家设计，年收入7万多，我不喝酒，不抽烟，脾气好，在你们眼里算直男,7633
769,湖北,"[94.0, 162.0, 70000.0]",23418.666666666668,多,光棍来碰运气，有没有看上的，我条件差哈哈，94年，陕川渝鄂交界处，净162高，大专学历，居家设计，年收入7万多，我不喝酒，不抽烟，脾气好，在你们眼里算直男吧，,7633
770,西北,"[94.0, 162.0, 70000.0]",23418.666666666668,多,光棍来碰运气，有没有看上的，我条件差哈哈，94年，陕川渝鄂交界处，净162高，大专学历，居家设计，年收入7万多，我不喝酒，不抽烟，脾气好，在你们眼里算直,7633
771,西南,"[94.0, 162.0, 70000.0]",23418.666666666668,多,光棍来碰运气，有没有看上的，我条件差哈哈，94年，陕川渝鄂交界处，净162高，大专学历，居家设计，年收入7万多，我不喝酒，不抽烟，脾气好，在你们眼里算直男吧,7633
772,西北,"[70000.0, 70000.0]",70000.0,,“想要孩子，先还7万元彩礼钱”甘肃一女子生产当日孩子被丈夫抱走 “想要孩子，先还7万元彩礼钱”甘肃一女子生产当日孩子被丈夫抱走,7652
773,华北,[890000.0],890000.0,,本帅哥也顺便征个婚，89年生，山西省人，彩礼嘛免了吧（裸婚挺好，适当意思意思就行了），能接受的详聊,7652
774,江浙沪,"[50000.0, 50000.0]",50000.0,,本人九5年，老家山东，从小和爸妈一起在江苏南通生活，在这边长 本人九5年，老家山东，从小和爸妈一起在江苏南通生活，在这边长,7698
775,山东,"[50000.0, 50000.0]",50000.0,,本人九5年，老家山东，从小和爸妈一起在江苏南通生活，在这边长 本人九5年，老家山东，从小和爸妈一起在江苏南通生活，在这边长,7698
776,西北,[],,少,然后谈结婚，我认为两个相爱的人结婚，很简单呀，我爱你，你爱我，愿意同甘共苦。彩礼陪嫁按照当地风俗给就行呀。彩礼：如果男方给不起，条件不好，女的又爱他，就少要点呀。如果男方,7702
777,北京,"[30000.0, 40000.0]",35000.0,,我不能靠任何人，只能靠自己。。。现阶段收入是北京统计的平均工资的3-4倍。。。,7771
778,广东,[],,多,是这么认为的，家从县城搬到城市，后来又到了更大的城市工作。总之，身边的人底子都比我厚。。。有一年我在广州问家里要钱，广州赚钱回家花能买更多的东西，家里赚钱广州花干不了啥。。。,7771
779,江西,"[10.0, 20.0, 10.0, 20.0]",15.0,多,江西我记得普遍的还是10-20多万吧 江西我记得普遍的还是10-20多万吧,7778
780,四川,"[380000.0, 100000.0, 260000.0]",246666.66666666666,,我再云南某双非读研，实验室有两个四川的，某族人，师姐，一个要了38万，一个年前相亲年后就订婚的，订婚给10万，结婚26万，我都惊呆了。,7783
781,西南,"[380000.0, 100000.0]",240000.0,,我再云南某双非读研，实验室有两个四川的，某族人，师姐，一个要了38万，一个年前相亲年后就订婚的，订婚给10万,7783
782,东三省,"[150000.0, 10001.0]",80000.5,多,朋友的事，朋友男遇到个喜欢的女孩，到快到谈婚论嫁的地步了，对方要15个彩礼，一开始也没多想女孩一直在沈阳生活，也不乱花钱平时，也属于从小娇生惯养没受过委屈呗，但是这个彩礼需要给她们家可能回礼就10001代,7808
783,广东,"[6666.0, 8888.0, 10001.0]",8518.333333333334,多,lz广东人，身边就没听说过天价彩礼的基本上都是6666，8888就讨个好彩头了，顶多就10001寓意“万里挑,7813
784,湖北,"[400000.0, 400000.0]",400000.0,,湖北的，听了两个了，彩礼40万！ 湖北的，听了两个了，彩礼40万！,7818
785,北京,"[8.0, 210000.0]",105004.0,,友谈了8年，他家父母离婚，他跟他爸，后来他爸再婚娶了个带着一儿一女的阿姨，前年，我家人说结婚必须在南京买房，他爸就在南京买了首付21万的房子，名字是我男朋友一个人的，我名字应为信用卡的原因没办法贷款，后,7821
786,广东,"[300000.0, 400000.0]",350000.0,,【深圳超七成离婚由女方提出，30至40岁年龄段的夫妻诉请离婚的比例最高】近日，深圳市中级人民法院发布《深圳法院家事审判改革白皮书》（以下简称《白皮书》）。《白皮书》显示，面对不和谐的,7823
787,西北,"[2017.0, 3579.0, 1139.0]",2245.0,,【2017陕西离婚判决大数据：八成离婚诉讼由女方提出】3579份离婚判决书里，西安市的判决书数量为1139件，占到,7823
788,华北,[],,多,东晋时期的大臣桓温，担任过太守、将军等职，辗转去了多个地方。,7845
789,四川,"[280000.0, 260000.0]",270000.0,,本人成都市新都区28了 女方26绵阳三台 一个人去女方家拜了三年年 女方父亲不在家在外地上班 今年才回来 带,7854
790,天津,[],,多,王勃说别离是掩泣销魂，“津亭秋月夜，谁见泣离群”；王之涣说别离是柳不胜攀，“近来攀折苦，应为别离多”；,7898
791,华北,[],,多,东晋时期的大臣桓温，担任过太守、将军等职，辗转去了多个地方。,7929
792,湖南,[],,多,有湖南醴陵的吗，请问下湖南醴陵彩礼一般是多少？ 有湖南醴陵的吗，请问下湖南醴陵彩礼一般是多少？,7933
793,福建,[],,多,，只是因为你们根本不够爱彼此。说说我自己，我和老公的家境都很一般，我家在城市老公家里在农村，我们家是福建的，我们那要的彩礼普遍高，我知道老公家里条件不好，因为家里一直是婆婆在赚钱，老公没上班多久没什么积蓄,7962
794,山东,"[200000.0, 185.0, 8.0]",66731.0,,美国卖精试试，看看你的精子能不能卖到20万！值这个价的可以不掏彩礼，不过估计是身高185以上，哈佛耶鲁牛津剑桥学历，颜值8分以上的大帅哥 满足这个条件的可以秀一下,7963
795,天津,"[200000.0, 185.0, 8.0]",66731.0,,卖精试试，看看你的精子能不能卖到20万！值这个价的可以不掏彩礼，不过估计是身高185以上，哈佛耶鲁牛津剑桥学历，颜值8分以上的大帅哥 满足这个条件的可以秀一下,7963
796,江浙沪,[170.0],170.0,,我住在江苏山东河南交界处。没啥要求，合得来相处舒服就行。个子高点最好，符合大趋势。下一代生个男娃不低于170[,7967
797,河南,[170.0],170.0,,我住在江苏山东河南交界处。没啥要求，合得来相处舒服就行。个子高点最好，符合大趋势。下一代生个男娃不低于170[捂脸哭],7967
798,山东,[170.0],170.0,,我住在江苏山东河南交界处。没啥要求，合得来相处舒服就行。个子高点最好，符合大趋势。下一代生个男娃不低于170[捂脸,7967
799,广东,"[20.0, 300000.0]",150010.0,,本人广东地区二线城市，刚出社会工作那会听到娶个外地友仔动不动就是20/30万彩礼，吓得我一直不敢交往外地异性,7968
800,广东,"[240000.0, 5000.0]",122500.0,,我们家在三线小城市，有车贷房贷(房子买在广州)，每个月压力很大，我也才24岁，每个月工资不到5000，但是每个月还贷款基本没有机会存钱，无意中问,7972
801,北京,"[10000.0, 5000.0, 6000.0, 5000.0]",6500.0,多,现在我们面临两个选择：1、继续留在南京工作，我学的会计，在省城一月能拿5000多。他在健身馆当教练，多的时候6000，平均5000,7975
802,天津,[],,多,各位，天津地区彩礼一般都是多少啊？女方需要陪车吗？ 各位，天津地区彩礼一般都是多少啊？女方需要陪车吗？,7979
803,北京,[40000.0],40000.0,,那女的真挑花了眼，今天吃路边早餐遇到了真实的案例，在吃早餐时候遇到一个大学刚毕业安徽女孩子，应该在南京工作的，这两天来盐城找她室友玩的，据她们谈话得知，她们宿舍4个女的就有两个和南京土著男的谈过恋爱（同,7982
804,安徽,"[10000.0, 40000.0]",25000.0,,孩相亲着1一个女孩，那女的真挑花了眼，今天吃路边早餐遇到了真实的案例，在吃早餐时候遇到一个大学刚毕业安徽女孩子，应该在南京工作的，这两天来盐城找她室友玩的，据她们谈话得知，她们宿舍4个女的就有两个和南京土,7982
805,北京,"[3.0, 880000.0, 2.0, 880000.0]",440001.25,,我北京3套房，彩礼88w。女生嫁妆2套房一辆车，88w嫁妆。两边对等,8016
806,江西,"[20.0, 500000.0, 16.0, 200000.0, 400000.0]",220007.2,,我江西的，彩礼很高怎么办？我这边都20-50万都有。二婚的都16-20万。。之前谈的要40万，婚礼全部办妥,8017
807,广东,[],,多,在社会不敢说都是烂裤裆，但修过车、大宝剑过的同志都懂得。上岸把公里数调个表补补漆又是准新车，就像我在广州贸易公司老板，修了一千多辆车（目标是一万），社会上各行业车，还有部分是来自其它业务公司的小白领。我始,8018
808,山东,"[300000.0, 300000.0]",300000.0,,山东德州平原的彩礼那么高吗，张口30万？ 山东德州平原的彩礼那么高吗，张口30万？,8040
809,天津,[40.0],40.0,多,比较差。哥哥好像是专科生，在老家县城买了房，弟弟就是普通打工的。我条件我不太好，爸妈给凑了40多万在天津郊区买了房，我们老家没房子了，打算结婚后让我爸妈先跟我们一起住，过几年有了小孩他们再搬出去租房住。,8066
810,江浙沪,[20000.0],20000.0,,我自身条件，家里有房，工作地在上海，已工作七年，月薪2万，本科。,8075
811,上海,[20000.0],20000.0,,我自身条件，家里有房，工作地在上海，已工作七年，月薪2万，本科。,8075
812,四川,"[90000.0, 90000.0]",90000.0,,四川女方要彩礼9万 四川女方要彩礼9万,8077
813,天津,"[14.5, 2019.0, 14650000.0, 4200000.0, 28.7]",3770412.44,,过生育行为的女职工中，14.5%调整了工作岗位。此外，2019年全囯出生人口数为1465万，享受生育津贴待遇的职工只有420万，占28.7%，远低于我卝囯城镇化水平。,8104
814,华北,[17332799688.0],17332799688.0,,中国河北沧州盐山恒泰钢管席全红/管道保温/镀锌无缝管/涂塑钢管-17332799688,8140
815,天津,"[200000.0, 200000.0]",200000.0,多,各位吧友们 现在天津市区的彩礼是多少钱啊 想问一下20万够吗 各位吧友们 现在天津市区的彩礼是多少钱啊 想问一下20万够吗,8172
816,华北,"[2021.0, 110000.0, 200000.0]",104007.0,,收到用户举报，小吧主“华北金恩君“于2021年11月20日在本吧发布辱骂信息，经官方查证举报属实,8185
817,四川,"[3.0, 50000.0, 400000.0]",150001.0,左右,从我目前四川来说，感觉3-5万还是能拿出来的，大半年存的积蓄，房子我们这边首付基本平均40万左右，按照我们这边普,8219
818,江浙沪,[80000.0],80000.0,,本人男，上海土著，房车全具，现在在明航体系里干，女朋友是高中认识的，也是上海土著，现在快结了，双方爹妈坐下来谈了一波女方说彩礼8万，后装修费和家电费她们出。至于房子问题双方一致,8241
819,上海,[80000.0],80000.0,,本人男，上海土著，房车全具，现在在明航体系里干，女朋友是高中认识的，也是上海土著，现在快结了，双方爹妈坐下来谈了一波女方说彩礼8万，后装修费和家电费她们出。至于房子问题双方一致,8241
820,广东,[920000.0],920000.0,,广东：潮汕人姓名：谢先生 92年出生 普通人,8253
821,四川,[],,多,我爸妈意思不要彩礼。主要成都不兴这些。还给嫁妆，但是我是这样子想的在结婚前我努力存钱。然后我存到多少。就定多少的彩礼。我的存款加,8266
822,天津,[1500000.0],1500000.0,,动辄说北京上海不要彩礼的男人，那么他们为何不去北京上海找老婆呢？因为他们知道，他们去了上海也是无人问津的挫男。毕竟能在北京上海站稳脚步，有150万现金按揭房，加上本科学历的男人，在哪里娶老婆都是轻而易举,8292
823,广东,[],,多,我广东的我们这边嫁女儿不会要求对方给多少彩礼反而会给女儿一笔 我广东的我们这边嫁女儿不会要求对方给多少彩礼反而会给女儿一笔,8306
824,西南,[],,多,在云南昆明结婚需要多少钱？ 在云南昆明结婚需要多少钱？,8316
825,北京,[],,多,很多年前，自己怀揣着发财梦到北京打天下，但是天下还没打下来，自己却生病住进了医院。,8395
826,湖南,[],,多,我想问问湖南邵阳那边的彩礼是多少，知道的告诉我 我想问问湖南邵阳那边的彩礼是多少，知道的告诉我,8397
827,江浙沪,"[500000.0, 4.0, 500000.0, 4.0]",250002.0,,女方家里为了50万现金彩礼，拒绝了上海有4套房的男人 女方家里为了50万现金彩礼，拒绝了上海有4套房的男人,8441
828,上海,"[500000.0, 4.0, 500000.0, 4.0]",250002.0,,女方家里为了50万现金彩礼，拒绝了上海有4套房的男人 女方家里为了50万现金彩礼，拒绝了上海有4套房的男人,8441
829,江西,[880000.0],880000.0,多,谈了两年。女方知道他家上海有很多房，双方父母见面，女方家里开口要88万现金彩礼，理由是因为她们老家（江西乐平）彩礼都是这个数，不能丢了面子。男方家里也都是工薪阶层，除了房也没啥现金。最后不欢而散。然后他俩,8441
830,四川,[],,多,真正有大智慧的人，懂得谦卑，能够达到“海纳百川”的境界。不管汇聚了多少智慧，取得了多少荣耀，有多少钱财，内心始终是安静的，并且处于空杯状态，不会完,8444
831,湖北,"[120000.0, 80000.0]",100000.0,,小芳是一位湖北武汉女子，家住江汉区。去年12月，小芳生下了一个男宝宝，叫瑞瑞，一家人都非常高兴，可是就在今年的8月,8448
832,江浙沪,[20000.0],20000.0,,坐标浙江一个小县城，房价靠近2万，最贵的五万。这房价怎么娶媳妇呀！还没算彩礼啥的。,8471
833,广东,"[100000.0, 100000.0]",100000.0,,广州男子因失恋在广州绕城高速上绕了10圈 广州男子因失恋在广州绕城高速上绕了10圈,8477
834,西北,[],,多,其实，真正放下一个人的时候，往往不需要太多时间，我们之所以在爱情里伤心欲绝、不肯放下，是因为还有不甘，还有执念，亦或还惦记着过去的美好，沉醉其中不愿醒来。 只有在经历了伤痕累累和痛彻心扉之后，一颗心才,8497
835,东三省,[40000.0],40000.0,,4、辽宁省（ ）山市,8525
836,北京,"[300000.0, 30.0]",150015.0,,如果你是在北京年薪30 w+的上班族，在北京有一房已付首付，年纪30岁，有结婚的想法。,8532
837,西北,[],,多,弃那个陪你成长，受尽委屈，过着去超市买东西都先看看手里有多少钱，精打细算的女孩呢？原来只能同苦不能共甘都是真的，也是你怎么舍得你爱的人陪你受苦呢？我放你自由，可是谁来渡我过河呢#婚姻#,8537
838,北京,[],,多,最近一段时间，我国发生了许多大事。从河南洪灾到南京疫情，全国上下万众一心，同舟共济，共度难关。可是，广州的这位家长，竟带着孩子一起dⅰ huⅰ河南。让,8581
839,广东,[],,多,最近一段时间，我国发生了许多大事。从河南洪灾到南京疫情，全国上下万众一心，同舟共济，共度难关。可是，广州的这位家长，竟带着孩子一起dⅰ huⅰ河南。让孩子写一篇关于dⅰ hui河南的作文，还发到朋友圈里晒,8581
840,河南,[],,多,最近一段时间，我国发生了许多大事。从河南洪灾到南京疫情，全国上下万众一心，同舟共济，共度难关。可是，广州的这位家长，竟带着孩子一起dⅰ hu,8581
841,江浙沪,"[180000.0, 180000.0]",180000.0,左右,也许有人会说我站着说话不腰疼，我是浙江某地级市的，彩礼18万…我老公当时存款只有十万左右，我给了他一些钱凑的18万，然后摆酒和其他花销是我,8585
842,江浙沪,"[20000.0, 30000.0]",25000.0,,要是通过婚外异性性接触，也有一部分因为男男同性性行为感染；而老年女性感染艾滋病主要是通过婚内性行为。浙江省的病例流行病学调查发现，超过2/3的男性老年病例是经非法商业性行为感染（嫖妓）。无有效保护的非法商,8591
843,江浙沪,"[3.0, 40000.0, 230000.0, 480000.0, 110000.0]",172000.6,,万外加外债借的钱开了一个加工厂，奋斗了3年，把借的钱还掉了，爸妈的4万也给了。到现在买了车23万，在浙江买房首付48万，爸妈给了11万。,8658
844,河南,[],,多,说，别让他下不了台。现在我家里的总共也就一万多，家里房子也没装修没买家具，晚婚纱照也没拍。我跟她都是河南商丘的，我们两个是邻村。她还给我说如果一个月内在不给彩礼，他就把孩子做掉。有没有年纪大点的老哥？这段,8685
845,天津,[],,少,我更优秀的帅小伙，来这些地方的目的也是娶老婆，性格也都很好，有些还做到主管职位了，却都和我一样无人问津，而厂里成双成对的都是那种老少配，无论相貌、财富、家庭、性格、交际、身体素质，男方各方面条件没一样能,8762
846,安徽,[],,多,以前不信皖北彩礼什么的多，现在是不得不信了。她家在亳州谯城区 以前不信皖北彩礼什么的多，现在是不得不信了。她家在亳州谯城区,8771
847,广东,[],,多,想咨询下，广东的彩礼现在是多少？ 想咨询下，广东的彩礼现在是多少？,8819
848,西南,[726.0],726.0,,去年，重庆理科高考状元谢欣颖，拿到了 726 分的优秀成绩，而能取得这样的佳绩，与良好的学习习惯有很大关系。,8834
849,华南,[],,一般,、作风简朴，颇有陈景润先生当年的风采，完全契合我们对于大师的想象，于是振臂一呼，为他戴上了“韦神”的桂冠。不知道他的人，眼露鄙夷，说他邋里邋遢，“感觉不是很聪明的亚子”，“智商高的人，情商一般都比较低下,8844
850,广东,[],,多,这辈子都嫁不出去了。”这次，阿丽和男友分手的原因，也是因为阿丽忘不了初恋，还常常和初恋联系，甚至跑到广州和初恋一起庆祝生日。旧的不去新的不来。很多人，在结婚之前，有几段恋情，这不是奇怪的事情，如果把过去的,8915
851,东三省,"[8.0, 300000.0]",150004.0,多,牛逼吧！黑龙江很多地方，二婚的都是这样的，未婚的8-30万人民币以上！长得漂亮的就更贵了！,8928
852,河南,[],,多,问候背后，可能藏着多大的勇气。也许只是只言片语，也许只是一句平淡无奇的话，可能却是他经历了很多次的犹豫，酝酿了许久，才打开对话框，给你发送的消息。,8972
853,北京,"[20000.0, 280000.0, 50000.0]",116666.66666666667,,2号 京城官二代，28岁颜值5分，无不良嗜好,8978
854,华北,[50000.0],50000.0,,不知道该不该要，认识5年，在一起半年，算是网友晋级成恋人，不敢远嫁，想让他过来我这边生活，给这边买房子，他也明确表示了会买，但是都订婚了，反而不提房,8989
855,江浙沪,[2013.0],2013.0,多,从2013年就开始反彩礼？有用吗？现在反而越高了。别说什么大城市了北京上海。那会大城市也没有。再说这吧有几个上海北京人？以前有彩礼地区现在反而更多。唯一功劳就是现在多了几个反,8995
856,北京,[2013.0],2013.0,多,从2013年就开始反彩礼？有用吗？现在反而越高了。别说什么大城市了北京上海。那会大城市也没有。再说这吧有几个上海北京人？以前有彩礼地区现在反而更多。唯一功劳就是现在多了几,8995
857,上海,[2013.0],2013.0,多,从2013年就开始反彩礼？有用吗？现在反而越高了。别说什么大城市了北京上海。那会大城市也没有。再说这吧有几个上海北京人？以前有彩礼地区现在反而更多。唯一功劳就是现在多了几个反,8995
858,江浙沪,[],,多,央视财经的报道：浙江嘉兴的一名老太太，七十多岁，很节俭的那种，曾因为弄丢十块钱而懊悔好几天，并贴寻钱启示。,9005
859,河南,"[30000.0, 150000.0]",90000.0,,在去年的3·15晚会上，也有一场的类似的案例：老人姓陈，三年前从河南到青岛，帮女儿带娃。,9005
860,江浙沪,[],,多,央视财经的报道：浙江嘉兴的一名老太太，七十多岁，很节俭的那种，曾因为弄丢十块钱而懊悔好几天，并贴寻钱启示。,9006
861,河南,"[30000.0, 150000.0]",90000.0,,在去年的3·15晚会上，也有一场的类似的案例：老人姓陈，三年前从河南到青岛，帮女儿带娃。,9006
862,山东,[],,多,要如何做到，不一天掉多少根头发的发生，又会如何产生。一天掉多少根头发，发生了会如何，不发生又会如何。鲁巴金曾经说过，读书是在别人思想的帮助下，建立起自己的思想。这启发了我。既然如此，日本谚语曾经说过，不,9045
863,山东,"[31800.0, 31800.0]",31800.0,,刚刚去山东丈母娘家了彩礼说好了31800 刚刚去山东丈母娘家了彩礼说好了31800,9069
864,北京,[],,少,北京大学心理系的徐凯文教授曾经做过一个研究，叫现代空心人，很焦虑。 空心人的意思是：很少谈论自己的感受，,9103
865,福建,"[100000.0, 20000.0, 190000.0]",103333.33333333333,,“谢谢你让我走进你的生命做你的爱人。”10月2日19点，福建省宁德小城柘荣县的一场婚礼上，身着黑白礼服的两位新郎激情拥吻，引得人群竞相拍摄，不时有人议论：“真是,9140
866,西北,[],,多,古语道：“甘人之语，多不论其是非；激人之语，多不顾其利害。”,9150
867,山东,[],,多,我的丈夫是山东人，从小接受传统的儒家教育，身上有对女人负责到底的“大男子主义”。好多年前，我们结婚时，他很认真地对,9176
868,江浙沪,[60000.0],60000.0,,我是江苏苏州人，女朋友是安徽利辛的。我们谈了6年这期间他家里和我家里一直反对，我们一直坚持在一起。,9177
869,河南,[],,一般,，但是她觉得不合适。虽然这不是普遍的现象，但是彩礼一般三两万，嫁妆都有一万左右。还有，我两个堂姐都嫁河南，可能相对于河南人来说，几乎不怎么用彩礼，相当于捡到金子了。哈哈！,9190
870,华北,[],,多,河北沧州东光村的彩礼多少现在？？有河北沧州的评论下，你们那彩 河北沧州东光村的彩礼多少现在？？有河北沧州的评论下，你们那彩,9221
871,江浙沪,[170.0],170.0,,浙江真的存在这种三分颜值？月薪不过五千。家产不到五十万。身高170。自建房。真的女人倒贴车房？并且带嫁妆,9242
872,华南,[],,多,礼重吗？大概多少钱？我跟女朋友目前都在郑州，我家是郑州的，她家是南阳桐柏的，我家在郑州有两套房子，在海南一套房子，一辆二十万的车，以后我俩也都在郑州生活，懂得铁子们我需要准备多少彩礼,9360
873,河南,[],,多,有没有河南郑州的兄弟们，郑州本地的彩礼一般都给多少啊 有没有河南郑州的兄弟们，郑州本地的彩礼一般都给多少啊,9361
874,广东,"[20000.0, 20000.0]",20000.0,,我是广东女生（非独生），远嫁东北男，爸妈要了2万彩礼 我是广东女生（非独生），远嫁东北男，爸妈要了2万彩礼,9377
875,东三省,"[20000.0, 20000.0]",20000.0,,我是广东女生（非独生），远嫁东北男，爸妈要了2万彩礼 我是广东女生（非独生），远嫁东北男，爸妈要了2万彩礼,9377
876,华北,[1991.0],1991.0,,1991年，张艺谋的电影《大红灯笼高高挂》，让山西祁县的乔家大院，火遍大江南北。,9405
877,广东,"[197700.0, 42600.0, 2017.0, 570000.0]",203079.25,,"通过链家全年的真实成交数据, 女性全款买房的比例为19.77%，相比男性高出4.26个百分点。在广州，2017年男女独资购房总价分析数据显示，在低价楼中女性占比57%，超越男性...",9430
878,江浙沪,"[128888.0, 40000.0, 128888.0, 40000.0]",84444.0,,坐标上海彩礼 128888五金一钻➕对戒 4万 被男方妈妈骂 坐标上海彩礼 128888五金一钻➕对戒 4万 被男方妈妈骂,9433
879,上海,"[128888.0, 40000.0, 128888.0, 40000.0]",84444.0,,坐标上海彩礼 128888五金一钻➕对戒 4万 被男方妈妈骂 坐标上海彩礼 128888五金一钻➕对戒 4万 被男方妈妈骂,9433
880,广东,"[460000.0, 197700.0, 42600.0, 2017.0, 570000.0, 912000.0]",364052.8333333333,,实成交数据，46%的购房者是女性。女性全款买房的比例为19.77%，相比男性高出4.26个百分点。在广州，2017年男女独资购房总价分析数据显示，在低价楼中女性占比57%，超越男性……也不知道91.2%的,9457
881,河南,"[180000.0, 8.0]",90004.0,多,就问彩礼他们想要多少，他们开始说想都没想，后来说18万8，就是带各种见亲戚的一起，对了我陕西的，他是河南的，我妈还说如果近的话可以不要这么多，因为远所以以后生病各种过节之类让我回家都基本很少了，所以各种一,9486
882,西北,"[180000.0, 8.0]",90004.0,多,有再计较，我就问彩礼他们想要多少，他们开始说想都没想，后来说18万8，就是带各种见亲戚的一起，对了我陕西的，他是河南的，我妈还说如果近的话可以不要这么多，因为远所以以后生病各种过节之类让我回家都基本很少了,9486
883,北京,"[800000.0, 800000.0]",800000.0,,北京有80万剩女对应的就有80万光棍，其他城市的不清楚。如果主动打光棍资源竞争就没这么激烈了，相对的彩礼,9498
884,河南,[150000.0],150000.0,,河南长葛县的黄海霞女士，面对镜头哭诉“自己15年前被人顶替上大学”。,9513
885,华北,[6000.0],6000.0,,了，但是俺不给彩礼了行吧，没办法，月光族一枚，没有存款呀！有辆破车，有个蜗居，月收入6000元，坐标山西，有意详聊。,9527
886,江浙沪,"[10000.0, 10000.0, 10000.0, 10000.0]",10000.0,,据市民政局介绍，上海将于明年1月1日《民法典》正式实施日，推 据市民政局介绍，上海将于明年1月1日《民法典》正式实施日，推,9529
887,上海,"[10000.0, 10000.0, 10000.0, 10000.0]",10000.0,,据市民政局介绍，上海将于明年1月1日《民法典》正式实施日，推 据市民政局介绍，上海将于明年1月1日《民法典》正式实施日，推,9529
888,天津,"[14.5, 2019.0, 14650000.0, 4200000.0, 28.7]",3770412.44,,过生育行为的女职工中，14.5%调整了工作岗位。此外，2019年全国出生人口数为1465万，享受生育津贴待遇的职工只有420万，占28.7%，远低于我国城镇化水平。,9561
889,江西,"[110000.0, 20000.0, 200000.0]",110000.0,,【赣州#两男子当街向年轻女性泼尿#：因没女友心生报复[费解]】11月2日至20日期间，江西赣州蓉江派出所陆续接到女性群众报警称，走在路上无端被两名男子泼甩不明液体。派出所发现吉某、吕某两人骑,9588
890,四川,"[160000.0, 70000.0, 30000.0, 280000.0, 160000.0, 70000.0, 30000.0, 280000.0]",135000.0,,【#家暴妻子16年的男子已被行拘7天# 】3月28日，四川广 【#家暴妻子16年的男子已被行拘7天# 】3月28日，四川广,9594
891,江西,[200000.0],200000.0,,在看看号称全国最高彩礼的江西，离婚率排在20,9602
892,河南,[100.0],100.0,左右,兜了100个圈子后，犹豫着说出几句顾左右而言他的话，结果为它付出了超出想象的代价。,9624
893,北京,[2013.0],2013.0,,2013年北京市妇联委托北京大学中外妇女问题研究中心开展的“首都高校性别平等意识”问卷调查,9639
894,江浙沪,"[2018.0, 2018.0]",2018.0,,"浙江大学2018年的调查分析认为,中国有超过半数的女性遭受过 浙江大学2018年的调查分析认为,中国有超过半数的女性遭受过",9694
895,山东,[],,少,"恋爱关系的破裂、一厢情愿的追求、还有恋爱中的妒忌和争执都是常见的动机。青少年时期的男性行事冲动鲁莽,因此更容易受情绪的驱使去伤害伴侣或是前任。",9694
896,广东,"[460000.0, 197700.0, 42600.0, 2017.0, 570000.0, 912000.0]",364052.8333333333,,实成交数据，46%的购房者是女性。女性全款买房的比例为19.77%，相比男性高出4.26个百分点。在广州，2017年男女独资购房总价分析数据显示，在低卝价楼中女性占比57%，超越男性……也不知道91.2%,9716
897,广东,"[197700.0, 42600.0, 2017.0, 570000.0]",203079.25,,"通过链家全年的真实成交数据, 女性全款买房的比例为19.77%，相比男性高出4.26个百分点。在广州，2017年男女独资购房总价分析数据显示，在低价楼中女性占比57%，超越男性...",9738
