user_name,nick_name,level,glevel,gender,is_vip,title,text,view,reply,share,agree,disagree,create_time,last_time,热度
ningGoodbye,ningGoodbye,1,9,0,False,这真的是事实嘛？？？,"这真的是事实嘛？？？
有点太过于离谱了",710706,4645,310,53240,835,2022-10-18 12:33:30,2023-01-09 17:18:27,2210348
大江山V萌神,清道夫1,0,10,1,False,上海富哥都只能望而却步#(滑稽),"上海富哥都只能望而却步#(滑稽)
",584960,4621,696,57919,554,2023-01-02 15:52:26,2025-06-17 23:10:12,1838546
还是清明雨上了,是你的小仙女嘛,1,3,2,False,真事儿。。,"真事儿。。
我有个朋友，大学认识个女朋友，谈了个把月，女孩子透露了一下：家里人说，娶我要80个W……我那朋友听完不动声色，几天后提了分手。（他也是实在人，冲结婚去的）
这彩礼属实是我听过最高的。当时听说了嘴巴半天没合拢…",535134,1573,151,6033,159,2022-02-08 21:13:46,2022-03-25 08:50:20,1619912
秋虫不知晦朔,光荣的红花少年,0,9,1,False,上海又出典中典，比18.8w事件更加离谱,"上海又出典中典，比18.8w事件更加离谱
上海一男子订婚，给了女友6.66万彩礼和一枚钻戒。女友父母说：结婚彩礼还得66万，另外还要在上海买一套婚房。男子和女方家协商了半年，同意再给26.6万彩礼，但暂时先不买房，两家人因此产生了隔阂。然而，没过多久，男子就做了两个重大决定，把女子及家人气的不行。
（案例来源：棒女郎在行动）前段时间，18.8万彩礼男主朱先生，临近结婚和未婚妻解除婚约，就是因为女方太贪心，不断地在彩礼上加码。
如今，昂贵的彩礼，真的成了年轻人恐婚，和不愿结婚的一个重要原因，压力太大了。
陈晨当初就经历过这样的煎熬，朱先生的18.8万彩礼和他相比，简直是大巫见小巫。
为了迎接订婚日，陈晨花了很多心思，在附近酒店包了几桌酒席，还专门把收拾了一番，传递一些喜庆的氛围。
在双方父母的见证下，他将6.66万彩礼和一枚大钻戒交到女友萧沫手中。
吃饭的过程中，陈晨一家人倒是很热情，可明显能感觉到萧沫的父母不太开心。
陈晨当时心里就犯嘀咕，猜想可能是萧沫父母嫌订婚彩礼给的太少。
果不其然，事后萧沫向陈晨转达了父母的想法，她爸妈说，结婚彩礼还需要66万，另外陈晨家还得在上海买套婚房。
陈晨一听，大为震惊，他只是想到了萧沫父母会再要一笔结婚彩礼，但没想到，竟然会要这么多，还要在上海再买套房，他们以为他家有矿啊？
可念及这份感情，陈晨没有果断拒绝这个无理要求，而是选择和萧沫父母沟通。
经过长达半年的拉锯战，陈晨说他可以再给26.6万的彩礼，这是底线了，没有再多了，婚房先不买。
陈晨觉得，婚还没结呢，就给对方七八十万彩礼，这以后日子还过不过。都是普通家庭，又不是家里真有矿，萧沫爸妈也真敢开口。
可萧沫家不同意陈晨这个想法，因此两家人闹得不愉快。
而萧沫也一直站在父母这一边，执意要66万彩礼，和一套婚房。
因此两个人的感情在摩擦中也逐渐暗淡了，陈晨越发觉得，萧沫物质，以及他们一家人都掉钱眼儿里了。
在陈晨的认知里，父母这种行为，哪是嫁女儿，简直就是卖女儿。
半年后，陈晨和家里给介绍的并不是特别喜欢的相亲对象刘娜娜结婚了。
萧沫一家气疯了。
不仅如此，陈晨还当面向萧沫讨要彩礼，钻戒和改口费。并要求萧沫一家承担订婚酒宴费。
然而，却遭到萧沫一家拒绝。
陈晨不要回钱誓不罢休，直接将萧沫告上法院。
那么，从法律角度，我们该如何认定此事？
1、法院审理认为，双方未办理结婚登记手续，彩礼应当返还。
《民法典》婚姻家庭编的解释，其中明确当事人请求返还按照习俗给付的彩礼的，如果查明属于以下3种情形，人民法院应当予以支持：
一、双方未办理结婚登记手续；
二、双方办理结婚登记手续但确未共同生活；
三、婚前给付并导致给付人生活困难。
适用前款第二项、第三项的规定，应当以双方离婚为条件。
彩礼是为了男女双方缔结婚约，男方给女方的礼金，是为了修百年之好。
而陈晨和萧沫最终并没有结婚，所以萧沫理性退还彩礼。
2、萧沫父母借助女儿和陈晨的婚事，索要66万彩礼，属于巨额彩礼，这种行为在法律上是明令禁止的。
《民法典》第1042条规定：
禁止包办、买卖婚姻和其他干涉婚姻自由的行为。禁止借婚姻索取财物。
“禁止借婚姻索要财物”这句话，也就是意味着女方不能借着婚姻的由头，“变相”地索取财物，特别是索取远超男方经济能力之外的高额彩礼。
如双方处于平等自愿的原则，那么彩礼该不该收、该不该给，还是得两家商量着办。
陈晨及家人的考量，合乎情理，结婚后的日子还长着呢，把家里大部分钱都拿出来作为彩礼给女方，这无疑是给家庭造成了一定的经济压力。
3、彩礼原本就是为了双方缔结婚约，修百年之好，从而男方给女方的。
现在这个婚约已经解除，所以女方理应退还彩礼。
而案例中的萧沫及家人拒绝退还，违背了诚信原则。
《民法典》第7条规定：
民事主体从事民事活动，应当遵循诚信原则，秉持诚实，恪守承诺。
综上，生活中因为彩礼最终没能走到一起的情侣，比比皆是。
凡事因为钱而走散的，其实内心也没有多少爱，这样的伴侣不要也罢。",462086,1040,78,8200,214,2023-12-09 11:09:44,2024-06-07 08:46:38,1400106
危鸥,可怜的老实人唉,10,10,1,False,1月29日，辽宁葫芦岛。金毛在路边虾摊上撒尿，摊主要狗主人买走尿脏的虾，狗主人拒绝，双方发生争执。#葫芦岛 ##金毛 #文明养狗,"1月29日，辽宁葫芦岛。金毛在路边虾摊上撒尿，摊主要狗主人买走尿脏的虾，狗主人拒绝，双方发生争执。#葫芦岛 ##金毛 #文明养狗
",332453,1385,133,13849,153,2024-01-29 21:15:17,2025-10-25 15:31:12,1018685
酪酥蕐蘲gL荷硏,酪酥蕐蘲gL荷硏,8,7,0,False,他被骗婚了～,"他被骗婚了～
他被骗婚啦～
他女朋友（现在应该是老婆了）从谈恋爱开始就在骗他
这女的一个月工资1k+，男朋友工资2w，每月上交1w7，还把六十万存款卡给女方，
她一开始要23w彩礼，男朋友自掏腰包给了她25w，她转头又加价要28w，
而且之前多的2w不算数要男方凑5w，男的说先用存款垫付，
女的就发帖开骂说拖欠彩礼，吃性别对比的流量，
现在女方拿着男方的25w彩礼+六十万存款+工资卡，又坐地起价。
并且，男朋友还是抢的自己好朋友喜欢的人，现在她要退婚一毛钱不还！
而且恋爱期间脚踏两只船(前任谈五年➕现任谈一年)
前任在现任谈订婚前才分手，而且前任的孩子也是那几天才堕的，
她男朋友不知道她在小红书发的这些，她还说如果被她男朋友（李泽禹、南宁人、月入两万、95年）知道了就不会和她结婚了",294046,575,36,3076,90,2022-10-24 01:27:53,2025-09-23 17:56:27,888287
流放的牛魔王,Fun范叔叔♀,7,5,1,False,你们要彩礼是准备干这个吗,"你们要彩礼是准备干这个吗
我大受震撼",263498,480,42,8352,137,2022-08-29 23:18:32,2022-08-31 14:27:42,801509
空存Iaa,施💋,2,3,2,False,大家评评理,"大家评评理
我和男朋友本来准备结婚，他们家给了19.9万的彩礼，后来我得知他老家拆迁赔了300多万，于是我要求彩礼钱涨到99.99万，寓意长长久久，没想到我男朋友不但不同意，还要和我分手。
我和男朋友是大学迎新时认识的，他比我高一届，对我一见钟情，从我进校门他就开始就追我，我还没机会接触别的男生就被他追到手了。
大学四年男朋友一直都很宠我，我们从来没有吵过架，我说什么他都答应，我偶尔发发脾气，闹闹别扭也都是他来哄我。
因为我和男朋友不是一个地方的人，所以毕业后我不知该怎么选择，后来男朋友说他父母会给我安排工作，我这才下定决心去了他们家。
可是，到男朋友家后他一直不提安排工作的事情，后来又干脆说不用我工作了，只要结婚后我能在家好好照顾他和我们将来的孩子就行。我刚开始不愿意，后来也就妥协了。
然后，我们就订婚了。这门婚事我妈本来是不同意的，因为我弟弟还在读高中，我妈希望我毕业后能回家工作，这样就可以帮帮家里，可是我不但没有工作还嫁的那么远。
后来，我男朋友说给19.9万的彩礼，我妈这才点头同意了这门婚事。
婚事定下来后，男朋友带我去买钻戒，我问买多少钱的？男朋友说不用管价钱，只要我喜欢就行。
我心里就纳闷，上学时候男朋友对我虽然也大方，但也没觉得他家这么有钱啊。
说出我的疑问，男朋友笑着回答说，最近他们老家房子拆迁赔了300多万，他是独生子，这结婚又是一辈子的大事，当然不能省。
我听了男朋友的话特别高兴，订好钻戒又买了三金。
回家后，和我妈打电话时，我把男朋友家拆迁补偿300多万的事告诉了她。
我妈听了后说，既然我男朋友家这么有钱，那彩礼还不到20万就太小气了，我堂姐当初出嫁对方还给了29万呢。
后来，我妈坚持要求彩礼涨到99.99万，寓意长长久久，还说只收20万给我弟上大学用，剩下的都给我存起来。
我妈说我嫁那么远也没工作，万一将来我们的婚姻有什么问题，这份彩礼钱就是我的保障。
我觉得我妈的话有道理，就和男朋友商量，可是男朋友却不同意，还说我们两个结婚后他所有的一切也都是我的，何必多此一举。
可是男朋友越是不答应我就越是有疑虑，既然他说婚后这些钱也就是我的了，那为什么不肯现在拿出来一部分让我保管呢？
我一再强调说我妈要这些钱不是给我家里用的，而是给我存的，可是我男朋友还是不同意，我一气之下便回了娘家。
后来，我男朋友带着婚戒来找我，我以为他同意了彩礼的事，没想到他还是不答应，于是我故意赌气说，没有这个彩礼钱就不结婚了。
没想到我男朋友竟然说，那就分手吧。然后扭头就走了。
以前我生气了，男朋友很快就会回头哄我，我以为这次也一样，过不了几天他就会给我打电话，可是没想到一个月过去了他也没联系我。
我觉得我男朋友如今就是有钱了，所以就不在乎我了，我更加觉得我妈的话是有道理的，我应该给自己存下一笔保障，这样的婚姻才更有安全感。
可是，现在我该怎么办啊？如果我先主动联系我男朋友，那他更不会同意彩礼的事情了",258827,2642,68,9930,278,2022-05-16 07:47:40,2022-11-27 17:32:42,800103
秋虫不知晦朔,光荣的红花少年,13,9,1,False,加价3万彩礼后续来了！女方发声求复合,"加价3万彩礼后续来了！女方发声求复合
世界之大，无奇不有。今日分享一个发生在我们身边的离奇故事，一位逃婚的男子成为了社交平台的焦点，他不仅选择了逃离婚姻的枷锁，更以说走就走的决心展开了一场别开生面的旅行。这个故事中充满了无数的巧合、深思和对人生选择的思考。
35岁的山西男子郭某，逃离婚姻的举动让人啼笑皆非。通常，我们只在电视剧中看到女主逃婚的桥段，而男子逃婚似乎更加罕见。他在婚姻即将来临的时候，选择了勇敢地迎头而上，逃脱了传统婚姻的束缚，这一举动引发了广泛关注。
1.
而更加意外的是，郭某并没有选择一蹴而就地逃离婚姻的压力，相反，他以退婚后归还的彩礼为资金支持，开启了一场说走就走的自由旅行。五个月来，他踏遍40多个城市，用3万元完成了这场说走就走的冒险。这不仅是一次逃避婚姻的尝试，更是对人生进行重新审视的机会。他是否能够在这次说走就走的旅途中找到新的人生方向？这成了一个让人无法预料的谜。
然而，故事并未就此结束。当女方通过一段视频表达委屈时，故事更加扑朔迷离。女方表示愿意妥协，甚至可以不要那笔彩礼，但郭某却坚持退婚。这三万元的问题似乎变得微不足道，更像是一场关于尊严和信任的较量。这一点引发了更深层次的疑问，婚姻中，金钱和信任哪一个更为重要？
或许，逃婚者郭某并不是在逃避责任，而是在逃离一场婚姻的陷阱，为了寻找一个更加真实的自己。这让我们想起，人生往往充满了未知，谁能预料到下一个路口等待的是什么？逃婚者的决定或许是对未知世界的一次探险，一次重新定义人生的机会。2.
这起逃婚事件不仅让我们在笑谈之间思考人生，也让我们更加关注婚姻和感情的本质。金钱和信任，尊严和责任，在这场故事中碰撞出不同的火花。在感情的沉浮中，我们是否需要更加坚持自己的底线，捍卫尊严，而不是追逐表面的金钱？
这个故事或许仅仅是一个偶然，但它却引发了对婚姻、人生选择和幸福的深刻思考。无论是逃婚者还是我们每个人，都在寻找属于自己的幸福之路。在这个世界之大，我们需要更加勇敢地去面对未知，去追求真实的自己。因为逃离婚姻的郭某，或许正是为了找到那个真实的自己，而在说走就走的旅途中，重新定义人生的意义。或许，我们都可以从他的勇敢中汲取一些力量，勇敢地去面对生活中的未知，迎接更真实、更自由的自己。",258623,1100,16,5381,80,2023-11-24 19:09:26,2024-06-25 12:45:48,786878
秋虫不知晦朔,光荣的红花少年,0,9,1,False,为什么小姑娘会喜欢上大叔，而小伙子却不会喜欢上阿姨？,"为什么小姑娘会喜欢上大叔，而小伙子却不会喜欢上阿姨？
某音上有个叫「雅典娜.」的女性博主说过一段话，自己现在已经是一个34岁的大龄剩女了。如果不出意外的话，这辈子嫁不出去了，要砸在手里了。
但是谁敢想，在她二十多岁的时候，在大学校园里，她可以随便挑男生，追她的不少。但她当时想的是，这些男生的条件都不太好，有的不帅，有的没钱，自己如果努努力，让自己变成更好的人，将来就可以配得上更优秀的人。
于是她奋斗了十年，用自己的努力买房买车，也拥有了更多的存款。但现在，在她34岁的时候，她却发现一个残酷的事实:那些曾经被她嫌弃的男生，现在已经嫌弃她了。我们必须要承认一个事实，男的好色、女的慕强。
男性的核心竞争力在于财富和能力，女性的核心竞争力在于颜值和身材。大叔和小姑娘才是各自性别当中最具优势的一类，所以小姑娘会喜欢大叔，大叔也愿意找小姑娘。而小伙子和阿姨，都是各自性别中最弱势的一类，所以互相嫌弃。
小姑娘比较容易假装喜欢大叔从而换取经济利益。小伙子假装喜欢阿姨必须有药物辅助才行，很多年轻人还是怕药吃多了以后支愣不起来。
如果代价是不能人事的话，再有钱又有什么用呢？",240267,589,7,4826,51,2024-01-04 06:04:26,2024-03-15 10:12:04,728644
微微来籁,无味汤,5,9,1,False,3个生命，唉。。。。,"3个生命，唉。。。。
转知乎：福建泉州杀人嫌犯被捕！自尽后被抢救：女方骗我15万，还送我入狱",227703,1336,42,16720,155,2024-02-20 00:52:40,2024-08-06 10:48:44,706790
秋虫不知晦朔,光荣的红花少年,13,9,1,False,33高龄的相亲大姐就不要喝什么奶茶了，对健康不好哈哈,"33高龄的相亲大姐就不要喝什么奶茶了，对健康不好哈哈
33岁的女生去相亲，男生24岁，高高帅帅的。她跟男孩说：“我给你个机会，你请我喝个奶茶吧。”没想到女生被男生拒绝了，不禁感觉有点心酸，这个年纪出来相亲没想到男方连一杯奶茶也不愿意请她喝。
网友评论：他们喜欢年龄 20岁左右的。
女生今年 33岁，她觉得自己有稳定的收入，颜值身材不算太差，有高学历，应该不难找对象，结果被现实狠狠的教育了一番。
其实男生不在乎你收入高不高，也不在乎你学历高低，他们觉得一个女人30多岁了还在找对象，一定是个很挑剔的人，不如20左右的女生单纯直率些！
女生30多岁才去相亲，也很难找到“优质男”啦！
大部分男人其实喜欢傻白甜，高学历，高收入只是加分项，不是吸引力。对男人最有吸引力的还是年龄，性格，外表。这三项要是都是满分对男人的吸引力就是致命的，要是只占两项也有大把人追求，只有一项的话就要自己大胆的去追人家，单身男人也怕缠绵的女人
我曾经也相亲过20岁出头的女孩确实是更容易更直接，你跟她聊天就容易被她们活力感染，只追求当下，房子车子认为努力就会有，可惜我不是渣男，年龄相差十岁没好意思下手。而且男生才24岁，女方太成熟他会有压力。",225295,1170,18,6263,154,2023-12-12 12:33:01,2023-12-29 00:24:54,688206
秋虫不知晦朔,光荣的红花少年,13,9,1,False,看看郭襄的待遇，不得不说牛郎有如今的风评实在是冤,"看看郭襄的待遇，不得不说牛郎有如今的风评实在是冤
为什么郭襄的风评越来越差，郭芙的口碑却越来越好？代入杨过，你不觉得可怖吗？你36岁，遇到了了一个16岁的小迷妹，从此小迷妹一心记挂着你，你生她生，你寻死她跟着。
你终于找到了分别16年的妻子，想和妻子在你成长你妻子长大的地方安安稳稳的度过余生，结果小迷妹四处找你，第一件事就是直扑你俩的家。
你不想见，于是躲了出去，这一躲，竟然就是二十四年，这二十年里，你们隐姓埋名，四处躲避，耳边不时听闻小迷妹骑驴上少林砍了小和尚的手指，又听说小迷妹四处找你搅和的江湖风风雨雨。
终于迷妹24年后大彻大悟，建立了峨眉，你刚舒一口气，想着要不以夫妻名义送个贺表，随口一问，小迷妹有没有收徒，结果听说她徒弟就叫风陵，你一口老血认出来，这分明是怀念你和她风陵渡口初相遇。
你抬头看看妻子，妻子倒是很理解你，江湖人也很理解你，反正郭家二小姐，你也得罪不起。
你想起了你的两个义妹，她们也是倾心于你，却从不纠缠你，绝情谷一别终身未嫁，如今在为抗蒙事业奔走。
几十年过去了，江湖上流传着神雕大侠的威名，更流传着郭二小姐峨眉掌门的痴情，逐渐的，你变成了背景板，只剩下郭二小姐一生为爱痴狂，你甚至不知道，江湖上有多少人扼腕叹息，说你的妻子当年死在绝情谷就好了，这样你和郭二小姐也能成一段佳话。
你有些无语，确实，郭二小姐年轻貌美活泼明艳，家世也是一顶一，连她父母都是大英雄，你的妻子不过是江湖一个没落门派的孤女罢了，说是掌门，但门下弟子仅你一人，平时还得依靠全真派的庇护。
但是，又如何呢？郭二小姐顶好，但你就是不喜欢她做你的妻子。可是郭二小姐，也让你背上了莫名其妙的情感债务，所以，你除了余生躲着郭二小姐，还能怎么办呢？
在此期间，你听说襄阳失陷了，与你一生复杂纠葛在一起的郭伯伯郭伯母以身殉国了，就连你不知道是喜欢还是厌恶的郭芙也在跟着父母抗争蒙古后殉国了，还有那个你也不知道叫什么的郭伯伯的儿子，也许也殉国了。
值此家国巨变，郭二小姐在西川寻你。你四处流浪，到处听闻江湖人感慨，郭二小姐如此情深，为了神雕大侠不顾父母，不知神雕大侠知道了作何感想？
你看看妻子始终如一的面孔，心里想，我没什么感想，你自己想出去玩就出去玩，成天骂我做幌子干什么？你明知道父母年过70，还镇守在襄阳一线，你不好好学武功帮助父母成天瞎蹦哒什么？你蹦跶就蹦跶，打我的幌子干什么？
你调动一切力量，帮助难逃的丐帮人士，你知道蒙古铁骑一来，守了几十年襄阳的丐帮首当其冲，你叮嘱后人，要好好帮助丐帮，不要让郭靖icon黄蓉icon二人的一生心血付之东流，为反蒙留下火苗种子。
但同样是郭家产业，你为什么不对峨眉派施以援手？一来你是怕了二小姐，二来你一听她徒弟的名字就知道，二小姐无家国大义。
峨眉是不是反抗蒙古？我们无从得知，只知道几十年后，峨眉的掌门灭绝师太是坚决反元的，至于郭二小姐，书中无有描述。
你想起了那一年在襄阳城头，你与郭伯伯骑马并行，郭伯伯告诉你，他也不知道襄阳能不能守得住，但他只求鞠躬尽瘁死而后已。
只可惜，百年之后，你期盼人们记住你飞石击杀蒙古大汉，带领江湖游侠挫败蒙古先锋，国破之后保护南宋有生力量，而不是如今的郭二小姐痴情的背景板，更不是如今的花边新闻。
即使是痴情，你也希望人们记住你对你妻子的矢志不渝，而不是如今蹿出来一个抢你风头的人。
你一生，家国情怀不敌郭靖也就算了，毕竟你也做不到以身殉国；但你这一生，连痴情人设都被一个二小姐抢了去，那你十六年日夜望着南海算什么？
你仔细想想，算了，打不过争不过，你躲着她还不行呢？",225345,383,6,3463,88,2024-01-12 13:17:47,2024-01-20 19:17:44,681519
ypdufitf,隐身箱子猫,1,8,1,False,真的！千真万确！,"真的！千真万确！
这件事闹挺大，我们这边都传疯了，就我隔壁，一个35岁打了四次胎的大龄剩女，最近被一个上市集团老总家儿子看上了，给她买了一套别墅，给家里人也买了几套房，就这还不算完，后面彩礼还给了几百万，他们家一共也就几千万，但是他们说不心疼，娶媳妇是一辈子的事，花个小几千万是没问题的，所以一定要给彩礼，还得多给，要不然就是不爱她",211695,443,8,3164,18,2022-07-05 13:51:18,2022-07-10 11:45:08,640506
鍚存皬馃挋,🍊橘子橙er,1,8,1,False,鼠鼠们能接受吗？,"鼠鼠们能接受吗？
",204279,2066,26,13530,266,2023-07-18 14:02:51,2023-09-25 16:58:23,637041
石新叶xy,石新叶,12,6,1,False,假夫妻现象说明了什么,"假夫妻现象说明了什么
据有关自媒体报道：厂里假夫妻太多，再穷也别让女的一个人出来打工。厂里假夫妻太多了，男的付房租管女的一日三餐，给女的买衣服零花钱，女方年底带全款回家，男方回家后说，今年钱不好挣。谈及这类话题，大家是否会问：同样的性需求，为什么女性要求男人付款？在彩礼问题上，甚至有的女性会说：不能让男人白嫖。
也许有人说：没有为什么，这是社会认知，是规矩。那么为什么男人不能控制自己的性行为，留住自己的血汗钱呢？可能有女性会说，谁叫男人馋？",196420,288,9,1017,13,2023-08-10 14:30:36,2023-09-04 23:13:10,591757
风zhi恋痕,我可爱的喵😘,0,9,1,False,大龄剩女凉了,"大龄剩女凉了
已经有3800万大龄剩女了，什么叫大龄，就是太……老了没什么人要了，这辈子孤独终老了",185759,2444,23,21342,173,2023-03-31 19:24:07,2024-10-06 13:18:24,591081
刻薄一些,刻薄一些,13,6,0,False,远离格局小的,"远离格局小的
01
前几天看到一则离了个大谱的新闻。
浙江一位29岁的男子，因为家里人不断的催促，于是就接受了相亲的安排。
在一位长辈的介绍下，他认识了女孩张某。
第一次见面，男子希望能给相亲对象留下好印象，就主动提出要请客，还把约会场所定在了一家比较高档的饭店。
没想到，约会当天，女孩带领了一整支浩浩荡荡的亲戚队伍过来赴约了，人数多达23人......
这到底是来相亲，还是来打群架的......
男生还算有绅士风度，强颜欢笑地将女孩的亲戚们迎进了饭店，最终23人占满了两个包间4个酒桌。
更搞笑的是，两个相亲对象分别在两个包厢照顾客人，面都没怎么见到，更不用说聊天了。
行吧，冤大头就冤大头吧。男生在饭局快结束时，还是主动去柜台准备结账了，没想到，看到账单傻眼了。
自己所在的包厢，消费不过4000多元，而对方所在的包厢，竟然消费了1万5千多。
不但点了许多特别贵的菜品，还连吃带拿地点了不少的高档烟酒，这是要把男生往死里宰呀。
这个冤大头，谁爱当谁当。男生愤怒地离开饭店，无法忍受这种耻辱。
到饭局尾声，众人才察觉男生不见了，女生只好自掏腰包，付了近两万元的“巨款”。
事件的最后是，男生联系女生，说希望AA制，自己会承担所在包厢的4千多元消费。
女生只好将情况发在亲戚群里，要亲戚转账剩余的饭钱给她......
这场闹剧简直令人叹为观止，居然现实生活中，真的有脸皮如此厚实之人。",190780,168,10,1328,38,2022-05-02 21:51:56,2022-05-05 12:34:42,574576
u09114118,罗兰炖肉,8,9,1,False,是教育让男人变成“渣男”的吗？,"是教育让男人变成“渣男”的吗？
",168154,2696,36,26353,1443,2022-10-26 13:28:49,2023-07-06 19:36:47,545846
发呆症状患者,吾名发呆😘,5,2,0,False,四年感情，终究是我娶不起她们一家人。,"四年感情，终究是我娶不起她们一家人。
一言难尽，本人27岁，女24岁的本来要结婚了，女方一开始提12个彩礼我想也没想就答应了，结果昨天她发微信和我讲要40个加一套房一辆车给她弟弟准备，我啥也没说先和朋友们通知下说不结婚了，然后取消婚庆公司，和她说我不结了，今天在喝酒她们一家子人来这闹事，我朋友在这边给她弟弟揍医院去了，真他妈晦气，还是走相亲了，四年算个球。",176619,1137,67,3991,66,2022-02-14 23:36:13,2022-06-06 18:28:49,539800
阉然扒瘟到qe,咖喱小泡芙,0,3,2,False,被姐夫恶心倒了,"被姐夫恶心倒了
天塌了，这叫什么事啊😫我姐姐亲姐姐前几年因病去世了，但是还有个孩子，我一直对姐姐的孩子挺好的，我放假回来买零食衣服裤子，小孩平时是我家和我姐夫两边带，我这次回来发现我姐夫拿我照片当壁纸，还是偷偷拍的，还给我买了护肤品，我都说了我不要也不会用，然后他就说那给妈妈用，后来又买了镯子，手链，那个手链上还有love，这是什么意思，真服啦",177703,450,6,1934,9,2024-10-28 14:43:32,2024-11-12 10:52:51,537320
秋虫不知晦朔,光荣的红花少年,13,9,1,False,越来越多的女性建议立法，未经女方同意，男方不得私下做亲子鉴定,"越来越多的女性建议立法，未经女方同意，男方不得私下做亲子鉴定
今天在网上看到这样的一个话题，在网上争吵的还是比较火热的，那就是越来越多的女性开始建议，应该立法规定，未经女方同意，男方不得私下做亲子鉴定，因为这既是对女性的不尊重，也是对婚姻的不信任，亲子鉴定应该是双方同意的情况下共同进行，而不是由男方私下做主去鉴定，这种行为是对女性的不尊重，也是对双方婚姻的不信任。
当这样的一个话题出现之后，在网上引起争执也是不可避免的，毕竟这个话题本身就充满了争议，而私下做亲子鉴定这样的行为，到底是应不应该呢？双方之间也争吵的不可开交，有人认为，就算是对自己的妻子不信任了，也应该商量一下，而不是偷偷的去做，也有人认为，偷偷的去做，为的就是不伤害对方，给对方留点颜面，双方可以说是各执一词，都有各自的道理。
其实这些争议的背后，映射出社会上的一些婚姻问题，越来越多的现象让男人们坐不住了，而在这样的情况之下，无数人的婚姻因此而大受影响，男人怕孩子不是自己的，女人又嫌男人不尊重自己，这局该如何破呢？",164965,1504,23,10122,75,2023-08-11 21:44:39,2025-05-23 11:09:41,512681
秋虫不知晦朔,光荣的红花少年,13,9,1,False,在校女生偷查男友开销：月挣1.2万存8千正常吗？遭网友集体大嘛,"在校女生偷查男友开销：月挣1.2万存8千正常吗？遭网友集体大嘛
日前，在某社交平台上，一在校女生偷查男朋友的月账单，并发布上网，向网友咨询：“他一个月挣1.2万左右，能存下来8千，打工人里算啥水平？我还没毕业……男人工作了平均花100元/天，正常吗？这孩子读书时，一个月花自己身上1500顶天了。”
从这位女生晒出的账单支出构成饼状图可以看出，这位被偷查的男生每月支出的大头是餐饮和交通，分别占比37.45%和33.28%。
有网友指出，“看上去通勤花了好多钱”，结果发帖女生补充称：“他周五晚上坐高铁来找我，然后周日回公司，看了下明细，原来他把这个月后面周末的票都买了。”
发帖女生的IP地点为重庆，400多块能高铁往返多次的地方，其实大家稍微一查也能猜出男生大概的所在地了。",164010,286,14,2524,37,2023-11-16 16:04:05,2023-11-20 21:58:20,496063
秋虫不知晦朔,光荣的红花少年,13,9,1,False,集帅们，我有幸观摹到一场剑道对决：彩礼与婚检,"集帅们，我有幸观摹到一场剑道对决：彩礼与婚检
一场婚前论及彩礼与婚检的“交锋”引发了热议。
原来女方提出50万的彩礼要求，男方却提出婚检条件，结果女方感到不悦。男方则耐心解释并普及婚检知识，包括GPA指标、怀孕次数、分娩次数和流产次数。他强调，女性应保持自尊和自爱，不要以彩礼高低来评价自身价值，更提醒道，婚前和婚后需有秩序，一句婚检不能改变其重要性。言下之意是，彩礼请求者必须接受婚检，这理所当然。
这一现象引发了社会的深刻思考。确实，不容否认，古老的彩礼习俗在当今社会仍然盛行，但我们不能忽视婚姻伦理和生殖健康。男方提出婚检是对彩礼交易之外的一种保障，女性的身体状况同样重要，需要得到尊重。
在这个过程中，通过男方的主动普及知识并强调婚检的必要性，他提醒我们，社会上仍有许多好姑娘和受过良好家教的女性，她们才是更值得尊重和珍惜的。这样的行为也催生了对性别平等和关爱的深刻思考。这场争议也促使人们重新审视现代婚姻中的伦理观念和社会责任。
我们应当认可男方提出的理念，即彩礼请求者必须接受婚检。这不仅是对彩礼习俗的重新审视，更是对婚姻伦理和社会价值的一种探索与坚守。只有在这样的观念指引下，即使是古老的习俗，也能够与现代社会相辅相成。",160717,263,3,3662,55,2023-12-16 13:24:20,2023-12-27 20:26:30,487192
秋虫不知晦朔,光荣的红花少年,13,9,1,False,不同意婚后把年终奖上交，男子被“无缝衔接”,"不同意婚后把年终奖上交，男子被“无缝衔接”
太离谱了！男子不同意婚后把年终奖上交，结果女友和他冷战一个月！眼看婚期临近，男子就跟婚庆公司说把婚礼退掉，结果被告知：不用退了，女方那边把新郎换了……
看完此事我想说:
真的是奇葩给奇葩他母亲开门，奇葩到家了！我觉得从另一个角度看这件事情，感谢女方不嫁。反倒是男生的幸运，早点看清楚女方的真实人品，及时止损挺好的！
在现实生活中，有好多类似的事情，一到结婚的关键时刻，“作精女”都能想出一些奇葩的理由来难为男生，何必呢？都马上要成为一家人了，难为对方不也是给自己脸上抹黑吗？夫妻之间最重要的就是互相信任，彼此尊重，相互包容才能真正成为一家人，幸福相伴一生。",158919,439,12,3340,59,2024-03-01 22:00:28,2024-03-11 12:20:22,482387
秋虫不知晦朔,光荣的红花少年,0,9,1,False,说白了，男生也是很现实的。,"说白了，男生也是很现实的。

我有一个男性朋友，34岁，他放弃了谈了4年的26岁的前任，最终和32岁的相亲对象结了婚。
我问过他原因，他和前任分手，第一，是认为前任性格比较作，情绪不稳定，动不动就要他哄，一次两次没问题，次数多了他心里其实有埋怨，尤其是想到结婚，他说：我不想一辈子都这样哄她，会很累，我结婚不是给自己找个祖宗。
第二，他认为前任除了长相和年龄，其他没有什么优势，结婚的话不太适合。
而相对于他32岁的相亲对象，优势是什么呢？第一，女生和他门当户对。他家里条件不错，父母都有退休工资，他大学一毕业，父母就全款给他买了车房，所以他的生活可以说是衣食无忧，而且他自己收入也很稳定，年收入在15万左右吧，因为没有房贷车贷，手里存款不少。
第二，这个相亲的女生情绪稳定，很细心，不作不闹，单身到32岁是因为以前一直沉浸于工作，圈子比较窄，所以没时间认识异性。
第三，这个相亲的女生学历比他高，本硕都是重点大学，说明她聪明，以后对教育孩子有好处。
第四，这个相亲的女生，个人能力和他差不多，年收入在17万左右，自己婚前还买了一套房，家里买了一辆车。
所以，要是他们在一起的话，就可以最大程度地巩固好现有的阶层，以后不至于下滑太多，而前任是不行的。
其实，我都没想到他会和前任分手，因为在我看来，他以前真的对前任很好，舍得给她花钱，也很细心，所以他的前任也一直以为他很爱自己，最后分手的时候猝不及防，完全不能接受，闹了接近一个月，最终跑到他家门口一边哭，一边大骂他没良心，左邻右舍都知道了。
而他见此，没任何情绪，只想彻底逃离：她的情绪真的不稳定，幸亏分手了。
他说：每个人都可以重新选择，我也不欠她什么。第一，在一起期间我没对不起她任何事，第二，她要什么我买什么，给她也花了不少钱，一直是我在迁就她。
这样说来也没问题，只是他显得太理智了。
在一起4年，他似乎完全不需要任何缓冲期，分手立马就走出来了，然后去相亲，重新对另一个女生也很好。
谁都不要高估自己在别人心中的地位，恋爱可以是美好的，但涉及到婚姻的话，很多人都是理智的。年轻的时候还可能头脑一热，为了爱情不管不顾，但随着年龄的增长，这样的心境终究会越来越少。",156341,837,24,4460,92,2023-12-19 12:47:23,2025-03-20 06:03:44,477832
,生斌爱任三,0,5,1,False,田园女吓得改要求了,"田园女吓得改要求了
他也开始明白自己是二婚，是不可能拿到高彩礼的",152088,559,16,4004,89,2022-12-27 07:17:09,2022-12-31 15:06:26,463200
秋虫不知晦朔,光荣的红花少年,13,9,1,False,xxn终于成了婚介所的实力担当，哈哈哈…,"xxn终于成了婚介所的实力担当，哈哈哈…
婚介所开不下了，因为只有女会员！
朋友开的婚介说已经多年了，昨天她叹息说：开不下了，估计很快就要关门了，主要是找不到男会员。想不明白，现在的男人怎么想的，明明是剩男比剩女多，但就是没有男会员入会，我们已经对男会员免费了，他们还是不来。后来我遇到了小区两个未婚男子，问他们要不要免费入会，我说来我这里入会，我可以介绍女孩给他们认识，都是免费的。你知道他们怎么说吗？他们说：免费的他们都不想来，因为那些女的都看不上他们的，那些女的都是统一模式的要求，要男方有房有车，才肯谈恋爱，两人一起去打拼她们是不愿意的。两人一起付首付她们也不愿意，最好是男方全款买房买车再来找她们。另外除了要求男方有房有车之外，他们还要求男方的学历，身高，家庭背景，父母是否有退休金，家里是否有兄弟姐妹。要样样符合她们的要求才行，尽管她们的条件很一般，但她们觉得自己是个女的就可以提出她们想要的要求，如果达不到，她们宁愿不结婚。这个年代已经没有女人肯跟男人同甘共苦了，她们只想享受男人的成果，就是不想付出一点点，想等别人收获了，就去摘果实，她们有些宁愿做有钱人的小三，也不会找条件一般的男人结婚，然后一起去打拼的，她们都觉得自己是公主，要男人给他们一切，而且觉得理所当然，男人找女人结婚就要提供一切，有些女人还会要求男人在房产证上写上她们的名字，尽管她们一分钱都不出，就可以以结婚的名义勒索男人了。当然，谈恋爱约会也都是男人买单，她们很多时候都会挑选去好的餐厅约会，这些全程都是需要男人买单的，如果男人不请她们去好的点餐厅吃饭，她们就会说男人小气。男人要赚钱买房买车，还要负担所有的恋爱资金，所以现在很多男人也累了，反正都达不到那些小仙女的要求了，还不如放弃算了，要不然入会今天约这个去吃饭，明天约那个去吃饭，后天再约另一个去吃饭，还不是浪费钱和时间，有钱自己吃掉或找几个哥们去喝几杯不更好吗？反正这些女人都看不起我们这些条件不好的男人了，何必浪费时间和金钱在她们身上呢？自己赚钱自己花不更爽吗？或自己赚钱凑个首付也好过浪费钱在那些好高骛远的女孩身上。朋友想想他们说得挺有道理的，确实这些入会的女士，无论自己自身条件如何，统一要求男方有车有房，尽管她们没房没车，最好有稳定的工作，尽管她们也没有稳定的工作，月薪最好一万以上，尽管她们月薪几千，不妨碍她们要求男方的工资比她们高几倍，身高最好都1米75以上，尽管她们才一米五多，到哪里找条件那么好的男人呢？早几年，免费的还是有很多男会员入会的，现在免费的都没有了。那些女会员，觉得入会给钱了，就要找她们想要，她们不看看自身的条件，反正我花钱了，你要帮我找到我开出的条件的男人给我，她们不知道她们开出条件的那些男人都看不上她们的。那些入会的女士经常过来看看有没有合适的男士，或打电话过来问什么时候安排合适的男士见面，朋友这回头都大了，收了那么多女会员，到哪里去找男士呢？这年头免费都没有男士过来，这些男士都怎么啦，都不想娶老婆了吗？我跟朋友说，不是男人不想娶老婆，是娶不起婚介所里那些小仙女，因为那些女的去到婚介所入会，期望值icon就很高，想找一个各方面自己条件都很好的男人，说穿了，那些女的，个个都想找一个高富帅。高富帅会去婚介所找吗？他们身边那么多女人，应付都来不及，对吧！现实生活中凡是有一点事业或颜值高一点的男人，很多女人都抢着要，男人只要有钱有车有房，不管年龄多大，都不怕找不到女人来结婚，还可以找年轻漂亮，他们身边也大把年轻漂亮的女人扑上去，哪用去婚介所呢？这年头不是把自己打扮漂亮的就可以找到高富帅的。这年头的高富帅也很聪明的，要找家境上门当户对的，不是你打扮一下就可以得到高富帅的关注的。很多女人都不想找一个肯同自己一起去奋斗的男人，都想着一步登天，结果造成了很多大龄剩女。",146998,3037,17,4966,63,2023-12-03 06:55:09,2025-11-07 17:06:16,461259
,贴吧用户_03t7SP6,0,4,1,False,中国什么时候禁止亲子鉴定,"中国什么时候禁止亲子鉴定
我真的不想我什么时候就多出个小孩啊，你都娶她了那就该包容她的一切啊",147822,674,10,6264,232,2022-07-31 06:00:43,2024-06-04 15:25:36,453362
秋虫不知晦朔,光荣的红花少年,0,9,1,False,男生直接开出了订金，做生意的xxn突然不敢接了,"男生直接开出了订金，做生意的xxn突然不敢接了
恋爱那么物质了吗？女友要男友转账，男友的转账留言让人“不知说啥好”。
女友要买化妆品，叫男友转5200元给她。
男友二话没说就转了，但附上了留言：本次专帐是以结婚为目的的赠予，以后无论任何原因导致双方分手，收款房都应将该笔款项全额退还（点击收款即表示同意以上内容）。最后结果是女友没有收款，估计这场恋爱大概率也以分手收场了。
这个事件也告诉女孩子，要自尊自爱，自立自强，在没有结婚以前，不要张口向对方索取钱财。所谓“吃人嘴短，拿人手软”。这样把对方当成钱包，很容易让对方看轻你。
男方“也有意思”，不愿意给钱，找个借口不给不就行了吗？那样直白的留言，可不就是要直接了断这段关系吗？（不对就下一个）
现在的社会的物质化已经渗透到方方面面了，连蕞讲究精神共鸣的恋爱都那么物质化了，不知道这种变化是好，还是不好？（那当然是没有更好了）
大家怎么看呢？",148711,495,8,3454,17,2023-11-27 07:13:49,2025-01-30 11:29:58,452103
勾85破防封号,你是对的😉,0,9,1,False,中国女性非常恐惧外国女性跟她们抢中国男人,"中国女性非常恐惧外国女性跟她们抢中国男人
有个俄罗斯女博主说俄罗斯女多男少，需要六个女的抢一个男的，然后这个俄罗斯女博主说想来中国找男朋友，结果评论区女的纷纷表示自己还单着，就别来中国跟她们抢老公了",142096,1056,4,9655,180,2024-01-15 09:18:09,2025-01-30 13:16:29,441415
专业遛狗队长,慎独惜福修苦⛅,11,9,1,False,情人节比去年更惨，恋爱PUA开始行不通，有些仙女终于不装了,"情人节比去年更惨，恋爱PUA开始行不通，有些仙女终于不装了
本文转自反女权主义原本以为去年情人节热度已经够惨了，没想到今年还能更惨，去年虽然秀的女人少了起码还有，今年找半天都难找到一个。当然，今年有春节的原因，但更多的是男性开始不接受，女权毒鸡汤PUA那一套了。可能是受到去年男性在舆论上开始反击的影响，今年的情人节，商家、平台和那些情感号，出来pua男性已经很少了，只有部分女权还不甘心，自己在那嚎。呵呵，还男性表现加分？这种女权毒鸡汤PUA话术，现在听起来感觉她们简直活在远古时代，这分有什么好加的，估计还没支付宝积分有用。反正你没钱，或者以后有一点她们不顺心的，你所谓的分瞬间清零，你也秒变下头男了。
不过有意思的一点是，这种情况下，有一个生意销量却暴涨，还上了热搜，就是所谓的骂醒恋爱脑服务。这服务在情人节产品销量集体下滑的今天，销量却翻了3倍，其中多数顾客为女性。看到这种情况，我就知道她们又开始作妖，强行制造委屈感了。你以为是她们说的恋爱脑意思是，她们太傻太单纯，只会傻傻付出不求回报？不，是她们觉得得到的太少了，不及预期。在所谓骂醒恋爱脑的讨论里，很多女性举得那些委屈的例子，并不是自己的付出，而是自己情人节的收获，觉得自己情人节得到的太少了，于是她们认为自己成了恋爱脑。她们的逻辑已经从不占便宜就是吃亏，发展成了占便宜少了就是吃亏，集体委屈上了。
恋爱原本是两情相悦更重情感，两人共同携手面对生活，但这些年已经被仙女们弄成，单方面既要情绪价值更重物质。所以，情人节赶上接财神，还真是应景。
以前仙女们还都打着爱的名义，配合各种女权毒鸡汤PUA男性掏钱，现在男人不吃这套，她们终于不装了。如今的两性关系，仙女们越来越图穷匕见，道德绑架不成改明抢了，交易属性越来越明显。就像夏竹是被王多鱼感动了和他在一起，她并不爱钱，谈钱多俗啊，人家要的是态度。但王多鱼感动她的每一步，都需要花费常人一辈子都赚不到的钱，这就需要男人“自觉”了。
这属实比直接买卖还贪心了，而且服务质量还更差，因此越来越多的人说恋爱已死，不是没有原因。很明显，想通过恋爱就PUA男性掏钱的方式，在男性的抵制和摆烂之下已经渐显疲态。当然，对于男性来说，其他的挑战也不是没有，毕竟女权这几十年的发展和积累摆在那，如今这些年正是她们疯狂收割的时候。中国两性市场，除了恋爱，其他的方式也一样被侵蚀和替代，但目标不变都不过一个捞字。
有相亲设局的，有订婚设局的，也有约聊设局的，数不胜数。不过这里面利用婚姻捞，风险最小获益最大，可以预见现在恋爱PUA开始失灵的情况下，接下来越来越多仙女会开始，加大通过相亲和婚姻PUA男性力度。",143754,623,38,4847,100,2024-02-15 21:27:29,2024-05-15 20:44:09,439438
285085478,俺不中嘞～,1,7,1,False,因为彩礼快分手了，如何破局？,"因为彩礼快分手了，如何破局？
图里的10w是说没车没房在彩礼的基础上加10w，我父母说18.8w，然后因为他名下没车没房，就加10w,一共28.8w。
我觉得也确实有点高了。
所以和他说我心里是16.8，10w因为他没车没房也确实是，所以等他两年内买房了，这10w我拿出来当首付的一部分，再给他，等于彩礼也还是16.8w。
关于房子，他爸在合肥有一套小公寓，60平多一点点，零几年买的，个人所有，连他妈名字都没写。他家意思拿那个当婚房，去年就已经准备装修了，疫情和装修公司原因今年九月才开始装，前前后后花了快十万了。我家意思不是男方名下的，没有保障，希望买个新的，但是考虑到现买他家可能也没有那么多钱，彩礼就加个10w，因为他们说这两年会买新房，10w可以算保证金那种。我名下有两套房都是合肥的，一套全款，一套在还贷款。嫁妆本来是准备那套全款的房子的，80平上下，现在也不准备说了。
本来也是准备说五金的，后来他家那边只愿意出三金，说三金的话克重会高一点，再高能高到哪去？都这个态度了，弄高了不是要他家命，所以也不报什么期待了。
他99年的，我96年，所以这方面对自己不太自信吧，怕以后年纪大了嫁不出去。。。
我本科毕业，工作也有两三年了，主要做自媒体剪辑方向，平时也接接单，在合肥一个月六七千净收入，有接单的话将近1w。他专科，上班才一年多，不过是给家里工厂做做报价，送货这种，反正就是啥都干，最近他爸给他在合肥组了个小公司，主要在抖音宣传然后拉拉客资，然后别人来询价那种，一个月工资不清楚，反正最少也有五千。毕竟给家里做事，工资发的也不准时，每个月都是用的信用卡，或者报销，因为他工资即使发了也不会存，又要用到公司运转里，比如充值油卡，请人吃饭等等。所以他基本上是没有存款的，工作能力也就那样吧，如果家里没厂子的话，在外面找工作都做不下去那种。
其实他家这么搞我也明白，就是没看上我，我问过他，他也闭口不谈，八九不离十了呗。我父母看了那个截图后很生气，基本也是不同意的状态。这两天我虽然没怎么理他，但是心里也还是舍不得的，我怕我委曲求全换来的是变本加厉 恋爱期间他对我挺好的，谁也不能保证就这样结婚后他还会不会始终如一。",137420,3410,65,6316,386,2022-10-16 17:37:07,2023-11-04 10:48:29,436207
稳苔29ra電康,玛卡巴卡的卡丁车,1,6,1,False,和男朋友睡觉千万别戴applewatch,"和男朋友睡觉千万别戴applewatch
刚开始就是很单纯的那种睡觉，因为我是第一次和除了我爸以外的男生睡在一间屋子里，我就一直心跳个不停，过了一会儿感觉他呼吸都有些平稳了，我还是很紧张，我本来以为那一夜就会这样紧张的度过了，突然我的手表震了一下把他震醒了，我俩一起看手表结果它显示我心动了啊啊啊，我好尴尬，他却搂着我开始亲亲，边亲还边说有多心动？给我摸摸，我第一次听他讲荤话超级害羞啊啊啊
还有还有拉屎也别戴，我每次拉屎它都说我心情愉悦",143460,121,12,752,4,2025-01-06 21:41:47,2025-01-14 01:25:10,431777
火星情报局253,火星情报局253,1,9,0,False,彩礼的末日到了，以后是女人给男人彩礼,"彩礼的末日到了，以后是女人给男人彩礼
",136440,1048,60,11105,229,2023-08-22 15:52:40,2023-09-01 14:32:45,426074
秋虫不知晦朔,光荣的红花少年,0,9,1,False,相亲就相亲，不存在仍然按男追女剧本走,"相亲就相亲，不存在仍然按男追女剧本走
最近有个小伙子的相亲实验火了，他约了11个女生见面，分别在饭前饭后提AA，结果全被骂下头男。姑娘们统一口径喷他抠门，说真要AA就该提前打招呼。这事儿最扎心的是，第二次他扩大样本量约了50个女生，提前说明要AA的情况下，居然41个答应见面——敢情人家压根没觉得需要掏钱！
不过反转来了，见面后真正愿意AA的只有4人，剩下的直接破防开骂。这些姑娘骂人的花样啊，从""穷鬼滚远点""到""活该单身""，连985硕士和体制内白领都飙出了菜市场泼妇级别的脏话。其实说白了，现在相亲市场有个隐形规则：男方买单是入场券。有姑娘私下跟我说过真心话：""第一次见面都不肯请客的男人，婚后能舍得给我花钱？""但换个角度想，提前说清楚AA反而能精准排雷——毕竟真正奔着结婚去的姑娘，谁会为杯咖啡钱跟你急赤白脸？那4位愿意AA的女生，搞不好才是能踏实过日子的正常人。",135923,1507,30,8560,298,2025-05-24 21:12:12,2025-11-19 16:32:45,424252
道儒释法兵墨,道儒释法兵墨,8,8,0,False,今天三观真的崩了,"今天三观真的崩了
今天看到一条过时的旧闻，说是两外国佬为了验证他们那边对中国女孩的印象（不好听，我就不说了，应该都知道），跑到上海进行挑战，内容是一天内亲吻到一百个中国女孩子，然后他们还都成功了，给了他们一份完美的答卷，验证他们对中国当代年轻女性的评价！",138474,520,8,3314,67,2023-09-22 13:27:01,2023-09-30 21:36:55,421427
隐形的翅膀aq6,浅夏忆汐,9,8,2,False,我看到一个关于彩礼的视频是这样的,"我看到一个关于彩礼的视频是这样的
你男：你要10万的彩礼，房子还得写你的名？你们女人怎么那么爱钱呢？
女：那要不这样，我家给你20万，房子我来买，到时候就我来住就行了。车你来挑，我也可以买，30万以内你随便挑
男：这样好吗…这怎么好意思呢
女：但是呢，我有一点点小要求，就是生孩子得用你的肚皮，总之不要让我受罪就行，孩子也得跟我姓，逢年过节回我家
男：艾…你…
女：来过后跟我爸妈一块住，家务得你来做，伺候好我们一大家子，对我父母不能不敬，不能反驳，他们说什么你就得做什么，有委屈也不能找我吵架，自己受着，不然影响我赚钱。孩子你要自己一个人带，不能出门，不能娱乐，和朋友聚你就别想了，也别指望我爸妈，他们可不能累着…
男：…
女：每个月呢我可以给你500块钱买菜
男：这哪够啊…
女：不够吗？你天天在家带孩子也不出门，需要什么钱呢？
男：你……
女：怎么样？彩礼比你给的多，房子写你名，车子也是我买
男：你当我傻呀，就这么点钱，让我做这么多事
女：那你当我傻吗？彩礼不想给，房子不加名，还让我干那么多事，能说出女人多爱钱的男人都是失败者，因为你既没有钱也没有魅力，只能给女生扣上一顶拜金的大帽子，来掩饰自己一无所有的窘迫，你让我为你付出，我总得图点什么吧，图你钱，你有吗？图你浪漫你懂吗？我到底图你什么？",132952,1720,6,7953,557,2022-05-20 15:38:28,2022-06-02 02:47:08,415984
,鸡因你实在是太美,0,8,1,False,中国男人在东南亚国家娶老婆属于降维打击,"中国男人在东南亚国家娶老婆属于降维打击
中国男人只要不是在国内属于垫底那5%的矮穷矬，你去越南，基本可以娶到比国内高一个档次的女孩，如果你去老挝尼泊尔这种国家，可以娶到比国内高两个档次的女孩。
中国人均收入一般都有5000左右，以老挝举例子，老挝尼泊尔这些国家人均收入600-800，中国人去那里就属于高收入人群，只要你不在刚认识的阶段非要把人带回中国，先在她们的国家跟女孩同居和几年，后续再把她带回中国问题基本问题不大。泰国男多女少，男女比例严重失衡，已经达到了4男6女的程度了。",130043,915,8,4392,88,2023-01-12 19:15:05,2023-01-18 20:28:56,399208
,✨战神丁真,1,10,0,False,女朋友家里的意思是三万八彩礼，不包括三金酒席。。,"女朋友家里的意思是三万八彩礼，不包括三金酒席。。
算下来也要十五万了。。。不想结婚了怎么办",122535,1740,13,18548,211,2022-07-20 10:19:03,2022-09-09 22:33:22,395103
秋虫不知晦朔,光荣的红花少年,13,9,1,False,xxn一波得寸进尺的操作，最后傻眼了,"xxn一波得寸进尺的操作，最后傻眼了
这个女生通过相亲认识了一个男生，在谈婚论嫁时，双方商定由男方出160万，女方出40万，共同购买婚房。然而，女方觉得自己在这笔交易中吃亏了，于是在网上发表了此事。她越看越觉得自己吃亏，不想出这笔钱买房。结果，事情发展得不如预期，对象提出了分手，而她也无法独自承担买房的压力。
这个女生不清楚自己该找什么样的对象，也不考虑自己是否能够承担独自买房的压力，只是看谁说的话符合自己的预期就听谁得，也没能力让事情跟着自己预期走，结果房子和老公，自己一样都没有。",123119,26,15,1012,5,2023-12-11 12:58:42,2023-12-15 12:39:31,370549
秋虫不知晦朔,光荣的红花少年,0,9,1,False,为何越来越多的男士对婚姻望而却步？,"为何越来越多的男士对婚姻望而却步？
为何越来越多的男士对婚姻望而却步？
一位30岁的同事的儿子，月收入五千，却坚决不想结婚。当我询问他原因时，他坦诚地说：
“你知道吗，现在的婚姻压力全都在男方身上。不仅要买房、买车，还要负担彩礼。更有甚者，有些女方竟然要求在房产证上加上她的名字，甚至婚后还要上交工资卡。
“他们对这些要求泰然处之，仿佛天经地义。但我真的不能理解，这是嫁女儿呢，还是在抢夺我们家的财产？
“我寒窗苦读十数年，从小学到研究生毕业，父母为此付出了无数心血。我还没有机会报答他们，就要被你们如此勒索。万一婚姻生活不如意，离婚的话，房产还要分一半给你们，这不是自讨苦吃吗？
“再者，我刚刚工作几年，一下子就要投入这么多，我怎么负担得起？还不是要依赖父母的帮助。他们提出这些要求，有没有考虑过我父母的感受？
“如果结婚变成了一场交易，那好，我选择退出。一个人吃饱，全家不饿，尽我所能报答父母的养育之恩，这样的一生已经足够。我还何必走进婚姻的牢笼？”
听了他这番话，我无言以对，竟不知道如何回应。",119125,1345,20,4182,98,2023-11-30 07:02:58,2025-07-07 14:04:55,368440
专业遛狗队长,慎独惜福修苦⛅,11,9,1,False,他支撑起了她经济，但换来一句他不配,"他支撑起了她经济，但换来一句他不配
",117069,466,3,9563,60,2023-09-13 23:19:56,2023-09-14 17:03:47,363169
小桃子mm2046,恩甜˃ʍ˂,11,7,2,False,搞不懂，我就收了男方12万彩礼，他居然第二天就要我去和他领证,"搞不懂，我就收了男方12万彩礼，他居然第二天就要我去和他领证
年初订婚的，我家不是原生家庭，三金我让他给我买了八万，彩礼只要12万8，本来我是想挑个好日子再去领证，他偏要说明天就要去，今天还和他吵了一架，因为彩礼钱我要存到卡里，我怕明天领了证，这个钱成为共同财产，他还要打我彩礼心思，现在好烦睡不着觉",114547,1765,23,4009,84,2023-09-07 23:36:15,2024-09-05 19:28:32,356628
孤僻静澜人,时代新人0000,1,6,1,True,彩礼不是多与少的问题，而是一分钱都不该给。,"彩礼不是多与少的问题，而是一分钱都不该给。
第一点，说爸爸妈妈养我几十年不容易，所以我要点彩礼，给爸妈补偿，给我补偿无可厚非。说这一点的女人都是以自我为中心，根本就没有用同理心考虑到南方的孩子也不是从大街上凭空抱来的。也是爸爸妈妈养育了20多年长大的。
第2点说，我嫁给你家之后还要给你家生孩子，孩子还要跟男方姓，而且还要照顾公公婆婆。拿这个理由来要彩礼的也纯属扯淡。首先生孩子不是给男人生，而是两个人的结晶，是属于男方和女方的孩子。孩子不管姓什么叫什么，都是属于夫妻两人的。你要是觉得吃亏了，孩子也可以跟女人的姓。至于照顾公公婆婆，那纯属于无稽之谈。现在的小年轻大部分还都需要爸爸妈妈的照顾。
第三点，女人说爸爸妈妈养育了我20多年，结果我现在要到男方家生活。所以我要彩礼。这一点更是扯淡中的扯淡。现在的年轻人结婚并不是一定要和男方的妈妈生活。而是两个人单独生活，如果条件允许，在女方家所在的城市生活也没有任何问题。第四点，女人说男方家给女人家彩礼是传统的习俗。这一点更是扯淡中的扯淡，自私中的自私。传统的习俗是男方家出彩礼，女方家的嫁妆要高于男方。请问女方家把你们的义务都忘记了，是不要脸吗？
总而言之，言而总之。女人没有任何条件可以单方面的要求男人出彩礼。如果想要彩礼也可以，但是必须要出同等的嫁妆。不要说你要18万28万58万68万的彩礼呢。你就是想要100万200万的彩礼，也要看你自己的条件。告诫男人们把腰杆挺直，不要惯女人的臭毛病，把奴性心理收一收。",115017,935,29,3628,83,2025-11-27 09:20:40,2025-11-30 16:23:06,353524
秋虫不知晦朔,光荣的红花少年,13,9,1,False,随母姓一时爽，一生随母姓，弊端可就越来越大了,"随母姓一时爽，一生随母姓，弊端可就越来越大了
在以前，孩子基本都是随父亲姓，只有男方是上门女婿时，孩子才可能随母姓。但近几年，随母姓的孩子越来越多，尤其是二胎宝宝中，更是有不少人都是随母姓。随母姓大多是女方的要求，愿望得以实现时自然也很美好，但殊不知麻烦可能都在后面。
二宝宝宝随母姓，宝妈大呼没吃亏，可才上幼儿园就开始有麻烦了
尽管都是一家人，但孩子的冠姓权还是很重要，很多宝妈都曾经希望孩子随自己姓。宝妈小林之前就是这么想的，终于，在生二宝的时候，小林愿望成真了。
原来当时小林丈夫和婆家都特别希望再生个二宝，但小林本人意愿并不是很高，便说“除非二宝随自己姓”。家里老人以为小林说着玩，小林以为家里人答应着玩，没想到最后二宝生下来还真就随了母姓。“两个孩子，一个随爹姓，一个随妈姓，这个孩子生得不亏，正好我们爸妈也想抱孙子。”小林说到。
可没想到，二宝才开始上幼儿园，随母姓的麻烦就来了。当幼儿园的孩子知道宝宝是跟着妈妈姓时，都说孩子家是重组家庭，不是孩子父亲亲生的，为此，二宝还专门回来问了自己。",114534,961,11,3028,77,2023-06-04 18:47:55,2025-08-30 13:31:49,351545
KEHS4,燃血的心,5,9,1,False,相亲市场惊现满级魅魔,"相亲市场惊现满级魅魔
有没有精壮男士来",115465,162,8,876,6,2025-09-05 08:30:18,2025-10-28 19:42:32,348111
美德太平洋科技,随风8605,0,6,1,False,给我整自闭了,"给我整自闭了
女朋友和我都不是chu，但女朋友她之前被我一个兄弟朋友睡过，我也知道，最开始是想着谈着玩玩，但现在对我是真的好，给我钱，天天跟我聊，微信上除了我和亲人没有异性，我都不如她，但我心里总是有根刺，由于多年手艺的原因，我之前第一次和前女友做的时候就是刚进去没几下就软了让彼此都不爽，前女友也总是嫌弃我不行，于是闹了几次矛盾就分开了，从此我对这方面一直特别没自信，这两天女朋友一直几次暗示我，我一直没敢，我怕我再秒了，让她产生落差，吧友们我该咋办啊，太难了",113543,239,9,1257,15,2023-02-11 16:42:38,2023-04-25 19:05:42,343123
秋虫不知晦朔,光荣的红花少年,13,9,1,False,xxn因买房吵架、拉黑男友两个月他竟然找了新女友！！！,"xxn因买房吵架、拉黑男友两个月他竟然找了新女友！！！
xxn手册：拉黑不等于分手。
事情是某书xxn投稿：公务员男友变心，能不能到单位实名举报他。
事情是跟男朋友谈了两年，因为买婚房的争议常产生不愉快，大吵一架后把他的微信电话拉黑冷战了两个月。这两个月里他试图联系我但都失败了，忍住没理他。后来冷静下来想好好谈谈分歧，主动找到他却被告知有了新的女朋友。
得知这一消息我震惊愤怒，伤心完全没有任何思想准备。我们从未正式提过分手散伙，我好像被耍了一样，突然就被分手被甩了。我无法接受这一事实，想到要用他的工作来制衡他。他是某强势部门的公务员还是党员。我现在想知道两个问题：·一，如果我到单位去找他们领导反映他便出轨的事实，他会遭到惩罚影响仕途吗？
·二，这一招是否过狠？会不会影响我跟他重修于好？
下面是网友评价时间，估计一开始就是买房分币不出还想加名财吵的架。有一说一这个确实成立，女的给你拉黑就是想要反向刺激你的归男心理，让你花大价钱伺候他让你们正规与好，支持姐妹正义制裁，直接去他单位门口上吊你。属于是下家翻脸了麻溜跑回来找前男友报金币，难道不是这女的两个月想找别人？别人没要他回来吃回头草，发现草已经名花有主了，这女人号没养好。要是养好了在大数据的支持下会有一堆xxn支持她。",111620,416,12,3774,95,2023-11-30 13:02:54,2023-12-05 17:52:44,340845
yu何ke可,我想吃秋刀鱼😄,10,6,1,False,富哥咋想的,"富哥咋想的
rt",112721,241,10,1258,12,2022-10-10 16:29:32,2022-10-25 01:27:14,340668
zjifeiji,qingyi-,0,10,1,False,这种方式是最公平的婚姻吧，男人喜欢吗？,"这种方式是最公平的婚姻吧，男人喜欢吗？
男女双方一块买房，离婚时平分
没有彩礼嫁妆
男女双方一块做家务，平摊
女方生孩子，所以孩子跟母姓，因为女方付出劳动最多，但依然会认男方为父亲，给男方养老
男女一起赚钱养家
过年各回各家各找各妈，各自赡养各自的父母",103593,3305,25,7287,426,2023-01-16 12:42:50,2025-02-01 00:05:18,335092
笑面虎温小宝,笑面虎温小宝,1,6,1,False,来给你们看看江西仙女！！！！,"来给你们看看江西仙女！！！！
网上随便聊聊遇到一个江西女的。没聊几句就问在上海有独立房子吗？房子多大？还说我们江西彩礼挺讲究的要66万或88万，还问我能给50万吗哈哈哈哈哈。我真的笑了一个在上海打工干破销售又没文凭，仅仅是个女的而已，就想要50多万彩礼，心里没有逼数对钱没概念吗。感情没有张嘴闭口条件说真的这种女的也就玩玩，就算不要彩礼送我都看不上。这种真的下等女，对我来说毫无优点。当然很多娶不到老婆的舔狗男肯定要，可是又拿不出50万彩礼",106726,1140,20,4459,57,2022-09-07 14:16:08,2022-09-08 13:56:47,330454
秋虫不知晦朔,光荣的红花少年,13,9,1,False,xxn把供养自己上大学的男友甩了，男友回击一招真解气,"xxn把供养自己上大学的男友甩了，男友回击一招真解气
湖南的一个女孩考上研究生后，就把一直打工挣钱资助她上大学的男友给甩了。没想到在分手的时候男子又给了她一张卡。
女子说：“我考上研究生了，以后会有更多的机会，而你不过是一个高中毕业生，我们的差距这么大，是不可能走到最后的，你以前帮助我的钱，以后我会慢慢还你！”男子听完很落寞，但什么也没说。
离开前，男子拿出一张银行卡交给女子，女子说：“不用了，我现在已经有别人资助了，男子说：“你误会了！这是你让我帮你办的银行卡，你刚才说以后要还我钱，我已经从卡中把钱刷了，以后你不用还我，还银行吧！”女子听完，一下子傻眼了！
她说要还男子钱，不过是说说而已，银行的钱还不上会影响信誉度，还要罚款，自己还是个学生，去哪弄那么多钱还呀！女孩又后悔自己提分手早了…就这样的女孩子怎么配的上男子。
结局看的很解气，空有学历没有人味又有什么用呢#",107158,172,0,1173,7,2024-01-25 19:46:01,2024-01-26 16:05:16,323514
also6280769802,杰剑仙，,6,9,1,False,女生向另一个女生要彩礼,"女生向另一个女生要彩礼
",104183,332,83,3971,31,2022-10-24 15:23:19,2022-10-25 17:16:41,318460
秋虫不知晦朔,光荣的红花少年,13,9,1,False,这种言辞令人震惊,"这种言辞令人震惊
装都不装了？女生招合租室友却只限男生，要求：对方出钱睡沙发，近日重庆一位女性毕业生发布了一条视频，其中她提出了这样的条件：“你出钱，你睡沙发，同意的私信我，我实在交不起房租了，仅限男性。”显然她也知道自己站在理亏的一方，但她却态度坚决，好似与她同住是一项荣誉，这种言辞令人震惊。
但是她的真实意图却难以辨别，加上照片确实让人感到迷惑。这举动至少表明她足够自信，愿意与他人分享照片，这或许也是为了吸引“感兴趣”的人，看照片的话，她看起来普通但是身材真好！
你们觉得她的条件苛刻么，愿意和她成为室友么？",102156,300,10,2489,11,2024-01-04 07:38:59,2024-01-10 11:35:10,310498
9000认证闫明,爷,0,3,1,False,现在的女的，究竟喝了多少鸡汤啊。。。,"现在的女的，究竟喝了多少鸡汤啊。。。
看了一个帖子，是这样说的
老婆做家务——请保姆、月嫂，一线城市多少钱一个月，了解一下
老婆辅导娃功课——辅导机构一对一，从幼儿园到高中，你请得起么
老婆满足你的性需求，跟你行周公之礼——花钱寻找性资源，费用不菲，何况如果没有意外老婆会陪伴你大半辈子
老婆只对你专情，支持你，鼓励你——提供情绪价值，你emo了找心理咨询师也不便宜……
这碗鸡汤里有保姆月嫂的原材料，其实就算一线城市请保姆的也不到5%的人，月嫂就别提了一个月的事儿短期工。。。辅导机构的鸡汤，大多数辅导机构都是骗人的，或者哄孩子，或者题海短期提高点成绩让孩子变的更傻，还有很多的辅导机构经营不下去捐款跑路。。。
性需要的鸡汤就不说了，要价2万，实际200也可能做，而且是一天的活儿。。。
心理咨询的鸡汤，这个显得高级点，不过像我们学过心理学的都懂，就算你是白领中的白领精英中的精英，只要你肯穿拖鞋光膀子，去道边吃个大排档喝点啤酒，啥都不是事儿，越装越出事儿。。。
骗子和傻子的游戏。。。
对于我们这些收入不错，知识储备不错的人，很难理解枕边人如果不是自己喜欢的人，甚至看着有点恶心，那日子咋过啊。。。",101804,531,2,1914,121,2023-01-14 19:28:04,2023-01-18 05:11:33,310108
二狗子回家了,二狗子回家了,0,2,2,False,因为彩礼没有后来了,"因为彩礼没有后来了
相亲了一个对象，聊了三个月了，准备订婚了，自然就聊到彩礼了，，直到这里我才知道我遇到了一个怎么样的家庭，，，想法是6万8的彩礼+三金，彩礼结婚时带回，家电爸妈另外准备，，，可他们就想出一个三万块的三金，彩礼分文不给。。。他们是一个三兄弟的家庭，因为大哥娶媳妇时没用彩礼所以就哪个兄弟都不想给彩礼了。我真的想不通，也不知道怎么形容了……所以在七夕节来临的前一天我逼自己放手了。另祝天下单身的男女都早日找到自己对的另一半吧",101531,729,1,1221,60,2022-08-04 19:40:28,2022-09-28 07:04:16,309522
火星情报局253,火星情报局253,0,9,0,False,这才是中国好女孩,"这才是中国好女孩
",99336,686,7,2561,91,2022-11-24 17:43:33,2023-01-04 14:18:49,304111
z18411,辛大校来也,1,7,1,False,劝告少女和剩女的肺腑之言,"劝告少女和剩女的肺腑之言
我拿一个案例来说吧，这个女人家境很差但是长相非常的好，她读完大学就去大城市发展，当然由于她的漂亮公司里的富二代也追她，但是到了23岁的时候谈婚论嫁就被对方父母以各种理由拒绝，她伤心的离开那家公司，结果又被几个本地人看中，家里都是有几套房还有门面的人，结果谈着谈着到了要结婚的时候又被男方父母拒绝了，她总共谈了3段恋爱每次都是快要结婚了就被男方父母拒绝了，于是她就到了30岁了，最后她去了一个二线城市找了一个打工的成家了，我想说的是女人不要认为自己漂亮就可以嫁入豪门，你能勾引得了富二代但是富二代父母不傻？富人为什么能富起来肯定是不能做亏本买卖，他在本地有个三四套房他在找个三四套房的女性家庭还打工干嘛？？娶一个漂亮的当花瓶摆在那里疯了？你是什么家庭首先你要清楚，别认为自己有学历漂亮就应该找别人有积累的大城市很多剩女不就是这样吗",97280,807,12,3428,69,2022-09-01 06:49:11,2022-09-06 22:03:50,299408
小道格010,小道格010,6,8,0,False,标题五个字,"标题五个字
破防了，🐭🐭以后要打光棍了。",96098,793,4,4756,263,2022-10-21 08:15:25,2022-10-28 08:35:23,297290
秋虫不知晦朔,光荣的红花少年,0,9,1,False,如果不结婚，那么男性和女性谁会更受益呢,"如果不结婚，那么男性和女性谁会更受益呢
如果不结婚，那么男性和女性谁会更受益呢？我们可以看看日本的终身未婚率，男性为25%，而女性为16%。同样，国内各大城市的相亲角，几乎都是女性在寻找伴侣，男女比例失衡已经到了2:8，即男2女8。大型婚恋网站如世纪佳缘、珍爱网等新增用户中，女性数量也远远超过了男性。
那么，究竟是谁更受益呢？或许答案并不那么明确，但似乎女性更倾向于结婚。这可能是因为在两性交往过程中，男性经常承担更多的经济负担，而女性则可以减少一部分生活开销。例如，如果一对情侣或夫妻共同居住，通常男性更有可能承担房租、水电等生活费用，很少有女性出资，甚至AA制也相对罕见。女性可能也不愿意与一个需要她分摊房租和生活费用的男性建立关系。特别是在像上海和深圳这样的大城市，租金可能高达3000或4000元，这占据了普通人工资的一大部分。如果男性承担了这部分费用，女性就有更多的闲钱用于自己的消费。例如，一对工作在上海的普通男女，男性月工资10000元，女性7000元（根据一般数据，女性的平均工资大约是男性的70%）。房租4000元，那么女性在支付房租后仅剩下3000元，再加上水电、交通和饮食等基本开支，她可能已经月光。然而，如果她有一个男朋友，那么房租的4000元不再是她一个人的负担，而且饮食费用也会减少很多。男性可以帮助女性省下约5000元的生活开销，从前每月只能勉强剩下500元的节俭生活，立刻变成了每月多达5000元的宽裕资金。这样的情况下，女性可以更轻松地购买化妆品，享受下午茶，甚至不时进行旅行，而几乎没有负担。因此，生活质量明显提高了数个档次。
这或许解释了为什么像日本或国内大城市的女性婚恋愿望如此强烈的原因。日本女性的择偶标准已经下降到非常低，只要对方有工作而且不虐待她们就可以。这可以理解，如果有人能够分担她们在大城市独自生活中的经济压力，这对她们来说只有好处没有坏处。但反过来，当男性发现婚恋对他们没有多大实际收益时，也许就会逐渐失去对婚姻的兴趣。",95192,738,8,1961,31,2023-11-23 13:18:11,2024-08-18 14:00:13,291282
秋虫不知晦朔,光荣的红花少年,13,9,1,False,"百度知道话题：明明是女多男少,媒体为什么要炒作男多女少？","百度知道话题：明明是女多男少,媒体为什么要炒作男多女少？
繁杂信息太多，你要学会辨别
现实存量肯定是男多女少的。
1、中国有9亿农民，对于农民来说，生男孩的意愿受老一辈传统观念影响不管怎么说，还是大于生女孩的，主观上会用各种方法怀上男孩，所以男生基数大于女生。
2、我们说的男多女少，是讲究语境的。一般指的是适婚比例男女，男生结婚一般年纪25到35，但是女生过了30还没结婚的就很少，所以这样比起来，年龄范围都不对等，男生会因为各种原因比女生多出来很多。
3、女生参与社会活动的比例会比较少，很多家庭主妇都在家不出门，导致看起来外面都是男生，这样会让人觉得男多女少。",96007,392,1,996,32,2023-08-04 18:27:46,2025-05-20 17:16:10,291012
秋虫不知晦朔,光荣的红花少年,13,9,1,False,这个关于xxn的常识兄弟们要明白,"这个关于xxn的常识兄弟们要明白
有一个常识是:一部分女生告诉你分手的原因，通常不是真正的原因。
有个兄弟，因为接女生晚了一刻钟，被女生说是不够用心，感受不到爱，于是提出分手。这位兄弟非常痛苦，每天又是送东西，又是给对方点外卖，还去找女生的闺蜜说情。这一切换来的，就是拉黑。
很多男人就是懂不起，什么不够爱，三观不合，没有感觉，不同频，诸如此类的理由一大堆，其实真正的原因，都只有一个:有的女生觉得自己能找个更好的。
你去证明自己有多爱，有多用心，有多深情，有多合拍，有多同频，都没有任何的作用。只是她现在遇到了新的情况:
1 有更优质的人出现了，且对方做出了承诺。
2 她发现在你身上，获取不了什么利益，只是浪费时间。
我咨询中，又多问了兄弟几句，发现对方女孩儿，从小就是学跳舞的，父亲意外去世，母亲拉扯长大。这样的原生家庭，一看就是家道中落，想通过颜值跃升阶级嘛。
可是兄弟的资产，现金也就5、60 个，连房产都没有，年龄都32 了，还在另一个城市，家里也不行。能谈上几个月，已经算正常水平发挥了，虽然砸了 10多个w。
所以他被甩的原因，是接女生的时候，晚到了15分钟吗?
我常常听一些女孩儿说:压死骆驼的最后一根稻草，或是，每一个决定转身的人，都在风中站了很久。
这类立人设的话一大堆。这位兄弟要是意外发现了失散三十年的亿万富翁父亲，她就会来聊“爱情”了。
别说在风中站了，跳科目三都行。",95521,211,11,1989,17,2023-12-07 12:40:51,2023-12-21 14:53:06,289657
z18411,辛大校来也,1,7,1,False,来自一个40岁剩女的后悔的话语,"来自一个40岁剩女的后悔的话语
这个剩女年轻的时候认为她的相貌出众然后就拒绝了很多优质男，结果到了30岁开始优质的男生越来越少，她非常后悔结果又不想将就没办法，找的对象不是离过婚的就是40-50岁的大叔，结果她还是不将就，期间谈过几个男朋友把身子也丢了，现在到了40岁她已经不想结婚了，女人们可不要这么傻",91983,1094,3,3371,178,2022-08-30 20:04:10,2025-08-26 09:40:10,284977
u09114118,罗兰炖肉,8,9,1,False,社会对剩女的敌意很大吗？,"社会对剩女的敌意很大吗？
说的有道理吗？",87879,781,4,7847,247,2022-11-04 11:22:18,2022-11-16 17:42:01,275648
秋虫不知晦朔,光荣的红花少年,13,9,1,False,大龄剩女被剩下的真实原因,"大龄剩女被剩下的真实原因
当前大龄剩女被剩下的真实原因，其实很简单：愿意还价的男人越来越少了。
大部分的剩女都出了一个非常高的价格，
我是本科，你就要硕士；
我月薪三千，你月薪就要三万；
我身高155，你身高就要180；
我会生孩子，你就必须有房有车有存款；
我三本，你就要985；
我有房有车，你就得市中心140的三房，BBA的车；
……
好了，大龄剩女已经明码标价了，然后就是等着男人来竞标！没人竞标，起码也要有男人还价吧？
但是，像这样具备碾压条件的男人，他们的需求是什么呢？大龄剩女毫不关心，反正你不达我的要求，我就下一个，我是不会降低自己的生活质量的。
呵呵，我就想说，你有啥生活质量？
一个具备全方位碾压实力的男人，为什么要娶你呢？
难道就是因为只有你才有子宫嘛？
难道就是为了你赚了三千工资，就要让我赚三万的上交工资嘛？
难道就是传统女人的勤俭持家的形象，就要让男人买单吗？对不起，那也不是你啊！
所以说，既然婚姻都沦落到交易市场了，那么我们来看看。
曾经火爆的白酒市场，现在为什么节节败退了呢？因为现在的人不喜欢喝白酒了。
曾经火爆的文玩字画，现在为什么没人玩了呢？价格都完全脱离了市场价值，接盘侠不够用了呗。
曾经火爆的集邮，奢侈品，都降价的降价，变废纸的变废纸，为什么呢？
因为智商税收多了，男人不和你玩了呗！
花父母一辈子积攒下来的钱购买的房子，自己十年积攒的钱购买的车和存款，就得到一个好吃懒做，在家里还要作威作福的败家消费女，而且连生育价值都已过期，请问对于男人来说，他获得了什么好处呢？
这么没有性价比的事，在全世界不都是被剩下，难道我们国家的男人就那么蠢嘛？
同样，那些真正优质，身上具备传统女性优良特质的女人，是不会剩下的，因为当前的男人只是蠢到还没觉醒，但是并不傻！
以后，也只会找那些真正适合结婚的女人结婚，不然就单着，毕竟男人如果单着，那要比女人单着快乐多得多。",88542,427,9,1537,9,2023-12-20 07:20:18,2025-09-24 16:58:40,269334
七夕灬丶,汇缘.寂寿,1,8,1,False,兄弟们支个招,"兄弟们支个招
初6测出怀孕 我家怕女方家在村子里丢人 初8让我去她家说见面的事 他家说最低标准 二十万 还有在我这买套房子 他妈又来了一句三金 加被褥。我回来以后跟女朋友说拿不出 他让我跟家里商量 后来又说十八万八加一辆车，我说拿不出 她看我家拿不出 我说只有十万 三金开外，他说那不行 后来唠到去他家那边买个房子 加十万彩礼，前提是卖了这个 这个房子也是我名。他家同意了，后来就让介绍人（她姐）还有她来我家唠了，唠的挺好的 这第二天回到家 她家看我家都同意卖自己这边房子去他那买了 又加价了 15万再加立马买房子。现在僵到这了。我家一直想好好跟他家处理事，他家就这样来回加价，兄弟们支个招，我应该怎么弄。",87723,688,5,794,11,2022-02-15 17:33:35,2022-02-24 20:24:20,267429
秋虫不知晦朔,光荣的红花少年,0,9,1,False,女性反对男性躺平的终极答案来了,"女性反对男性躺平的终极答案来了
现代社会中，越来越多的男性选择躺平，而女性则普遍不支持躺平。女性认为男性躺平是没有上进心、好吃懒做、不负责任、逃避和懦弱的表现，这种观点在某种程度上确实存在。然而，我们也需要理性地看待这个问题。
事实上，真正优质的剩女并不多见，大多数剩女是因为自身条件一般，希望通过婚姻改变自己的生活状态。相比之下，男性在面对婚姻时更加理性，他们意识到即使奋斗买车买房送彩礼，也不能保证婚姻的稳定性。因此，男性选择躺平，审时度势地衡量自己的需求和价值观，顺从自己的内心。
每个成年人都有权利选择自己的生活方式，不应该扭曲价值观去要求别人。我们应该尊重每个人的选择，同时也应该意识到做好自己才能更好地要求别人。在这个问题上，我们需要更加理性和宽容的态度，尊重每个人的选择和生活方式。",85888,520,6,2653,28,2023-12-28 07:35:26,2025-04-16 15:58:33,262963
危鸥,可怜的老实人唉,10,10,1,False,男子因妻子出轨自缢身亡，其父亲起诉插足儿子婚姻的第三者，未等到开庭因肝癌于近日去世。,"男子因妻子出轨自缢身亡，其父亲起诉插足儿子婚姻的第三者，未等到开庭因肝癌于近日去世。
",83887,948,75,5400,23,2025-05-25 09:27:15,2025-11-28 03:42:47,262049
秋虫不知晦朔,光荣的红花少年,13,9,1,False,“生育警告”已经不能再拿捏男性了！#社会百态,"“生育警告”已经不能再拿捏男性了！#社会百态
生育警告已不再对男性构成威胁。
xxn总是用生育警告来威胁男性，但她们不知道，现代男性已经不再接受这种威胁了。xxn说，生孩子是女人的痛苦和风险，而男人什么都不用做，因此想结婚就必须补偿她们的彩礼。看到这个原因，我感到无言以对。
虽然这并不是对我的警告，但我总觉得心里不舒服。能否怀孕和生孩子不是个人所能决定的，这是女性的生理特征，不能人为改变。用这种不可改变的生理特征来威胁别人，我认为这真的很可笑。
因为只有女性才能孕育分娩，而男性不能。有些人就是因为这个而得寸进尺，口口声声说要平等，但实际上却处处高人一等。当分蛋糕时，你要求公平，但为了照顾你，我给你分了一块大的。当你要求干轻松的工作时，你又说你是女人，力气小，要求干轻松的工作，这公平吗？
男女因生理结构不同，社会分工和责任也不同。以前，女人在家带孩子，操持家务，没有什么风险，而男人要外出劳作，要面对自然界的各种危险，因此女性承担了生育风险，而男性承担了劳作风险，我认为这本身就是一种平衡。
如今，外出劳作的风险变小了，女性也开始工作，国家也给女性很多特权，如女性退休年龄比男性早，军队不派女兵上前线，重体力劳动不允许女性参与，甚至女性还有似刑豁免权，哺乳期女性可以减刑。女性自己可以决定是否生孩子。不需要经过男方同意，这些特权是女性独有的，这难道还不够吗？
然而，总有女性用生育风险来威胁，她们最常说的是，怀孕期间和带孩子期间不需要花钱吗？给彩礼不应该吗？这种说法完全是无理取闹。你怀孕期间，你的丈夫不赚钱给你吃喝吗？他们甚至可能要照顾你怀孕的辛苦、照顾你的情绪，照顾你坐月子，你的丈夫和公婆都将关心你。
男方为你准备了筑家所需，生下孩子后，两个人一起照顾孩子，一起分担家务，我认为这很公平。千万不要说孩子是给男方传宗接代、续香火的，因为那也是你的孩子，他也叫你妈妈。
因此，作为新时代的女性，不应该只注重表面，思想应该成熟理智，不要再愚蠢地用男人不能生孩子来威胁男人。当男性不再顾忌责任和威胁时，女性可能会失去谈判的资格。",84949,942,5,2090,124,2023-10-07 09:55:47,2025-09-06 13:50:20,261786
乐事Roshan,乐事Roshan,0,8,1,False,江西人仍未知道前女友结婚收了多少彩礼,"江西人仍未知道前女友结婚收了多少彩礼
",84257,349,3,1285,13,2024-03-21 17:29:41,2024-04-01 15:20:41,255823
秋虫不知晦朔,光荣的红花少年,0,9,1,False,江西规定彩礼下限，女宝了破防了,"江西规定彩礼下限，女宝了破防了
关于江西规定彩礼不高于3.9万的，网上一片哗然，一大批女性表示愤怒，不满。那么我来发表一下我的看法。
1.这就是个地方倡导性政策，不具备强制性，要多少彩礼是女性自己的事儿，能找到给一个亿彩礼的男人是女性的本事，现在婚姻已经商业化了，一个愿打一个愿挨。女人可以坐地起价，男人可以货比三家或者不结婚就行了。
2.江西的这个政策是对于那些彩礼钱很少的结婚夫妻，给他们的很多优惠政策奖励。降低他们的生活成本，倡导一种社会风气。
3.最高法院也制定了相关的司法解释，对于那些靠着彩礼发家致富的部分女人来说，以后悠着点就对了。弄不好可是要全额退还的。
4女人们.不要拿生孩子警告男人，没男人你们也生不出来孩子，除非你们用动物的来做试管。即使生了，也不是给男人传宗接代，孩子也管你叫妈妈，也得赡养你，等你躺在医院也有义务和权利决定是抢救还是放弃。只是家庭分工不同罢了。
5.对于男人我想说，能结婚就结婚不能就顺其自然，多存点钱，毕竟男人挣钱是可以存得住的，遇到好女孩多多珍惜，不要跪舔婚姻。
附加江西优惠政策如下
1、按照政策标准领证的时候给颁发礼遇卡。
2、夫妻的子女就学时可持礼遇卡在学前、义务教育阶段可在全县范围内按照第一顺序选择学校入学。
3、全县范围内的所有国有景区可免大门票费用。
4、县里的妇幼保健院或人民医院可免费体检一次。
5、领卡后可在全县内免费乘坐公交车一年。
6、优先聘用为文明实践员和其他的公益性岗位。
7、结婚的宴席可享受8.8折的优惠。
8、优先享受果园水肥一体化的政策补贴。
9、购买床上用品、婚纱摄影等方面也有优惠折扣政策。
10、夫妻登记颁证时，户外的颁证基地或者集体结婚时，由当地领导、人大代表、政协委员、道德模范颁发。
11、夫妻两人创业也有专项扶持基金。
12、岳父母还将获得“好丈母娘”或者“好岳父母”的荣誉证书。",83063,668,9,1867,37,2024-02-28 20:27:13,2025-06-15 14:49:14,254460
乐事Roshan,乐事Roshan,1,8,1,False,江西低彩礼子女可优先择校,"江西低彩礼子女可优先择校
出实招整治不良风气",81960,694,19,4290,20,2024-02-26 10:23:57,2024-03-10 15:50:46,253717
调情女主播,赵莺,6,5,2,False,我是赵莺，我的颜值如何。,"我是赵莺，我的颜值如何。
你们觉得我能不能搞到88w彩礼，我84年的。",83646,257,2,499,1,2025-09-25 19:25:58,2025-10-23 23:27:33,252729
celex789,celex789,9,2,0,False,用彩礼可以避免婚姻70%的坑,"用彩礼可以避免婚姻70%的坑
单单说当前很多男人会隐瞒自己的疾病或者性取向，比如性功能障碍，糖尿病，尿毒症甚至癌症。
先骗你结婚，
如果没有彩礼，婚后你再发现对方有病也晚了，反正你已经头婚变二婚，并且被人睡了几个月，再婚的话即使没生孩子遇到稍微条件好的男方对方也会拒绝，一下子就把自己人生都耽误了。
如果不要彩礼，发现被骗离婚，白白的被对方白嫖或者骗的失掉头婚身份，你甘心吗？你不觉得亏吗？
这时候你还觉得十几万彩礼很多吗？恐怕你会为不要彩礼删自己的脸吧？",80898,1050,29,3901,245,2021-10-20 14:45:46,2022-01-23 03:49:34,252177
,✨战神丁真,0,10,0,False,如何评价？,"如何评价？
",80783,472,13,5083,9,2022-08-14 21:48:11,2022-08-15 22:07:37,249840
明楚缓,孔雀与钻戒,0,8,1,False,因为彩礼导致的悲剧，可是能怨这个女孩吗？,"因为彩礼导致的悲剧，可是能怨这个女孩吗？
一个婚礼现场上，一个身着白色婚纱的女孩哭着跪在地上，一个劲地向一旁的新郎祈求着，“我错了，你别娶她，跟我回去吧，我妈说了不要66万的彩礼，你只用给18万的彩礼，我俩就能在一起了。”
原来，新郎和女孩以前很恩爱，甚至都已经见了彼此的父母，走到了步入婚礼殿堂的地步，但是，女孩母亲的一句话却让新郎痛苦不已，当初，女孩母亲当着新郎的面说，“没有66万的彩礼，我们家是不可能同意你们俩的婚事的。”
然而，新郎家的条件并没有多好，66万的天价彩礼是根本拿不出来的，但是，女方的母亲一方不知是出于想逼一逼新郎，还是出于所谓的拿的出来66万彩礼才能代表新郎真的很爱自己家的女儿，反正就是一直不松口，最终，新郎只能黯然离场。
在新郎另娶她人的婚礼上，女孩痛哭流涕，她告诉新郎，自己根本不同意天价彩礼，但又不敢忤逆母亲的意思，毕竟母亲养她不容易，况且，她心里一直以为，新郎会为了她，想尽一切办法四处筹钱，将那笔天价彩礼凑够。
女孩崩溃地啜泣道：“求你娶我吧，我妈妈已经同意把彩礼钱降到18万，这是我以***求来的，我真的很爱你。”
看着昔日珍视的女孩，身着一身白色婚纱裙跪在地上痛苦、哀求，准备另娶她人的新郎眼里并没有半点疼惜，只有一脸的尴尬和丢人。
听着女孩一直重复的两人美好的曾经，新郎当即变了脸色，在女孩多次抱住新郎的腿哀求的时候，新郎终于发飙了，不仅脸垮了下来，而且多次用力地推开女孩。
这个因为彩礼导致的悲剧能怨这个女孩吗？我认为不能，大家说呢？",75223,4095,2,2245,82,2023-07-10 11:14:34,2023-12-22 13:47:27,248477
沉子韵,沉子韵,0,7,0,False,恶心真恶心，卧槽，现在男的*****,"恶心真恶心，卧槽，现在男的*****
心机真多，奉劝姐妹们，少跟那些下头男接触， 零元白嫖 ，真厉害，现在有些男的，听着是有些，为了不给彩礼，那算计的，诸葛亮都得叫你一声爹，给不起彩礼 ，为了白嫖想方设法让对方怀孕，怀孕后商量婚事，男方家硬是哭穷十万彩礼也出不来，谈了个66000，等生完孩子办婚礼，毛也看不见，真是炸裂三观",77552,1763,11,5921,129,2023-05-31 17:48:34,2025-07-02 19:47:54,247554
专业遛狗队长,慎独惜福修苦⛅,11,9,1,False,刚说完“我还真觉得她很可爱”的仙女，因一句话破防了,"刚说完“我还真觉得她很可爱”的仙女，因一句话破防了
",78084,178,2,2410,6,2023-10-02 23:17:32,2023-10-04 11:46:21,237564
秋虫不知晦朔,光荣的红花少年,0,9,1,False,如果你现在还要去相亲，就得像他这样硬气,"如果你现在还要去相亲，就得像他这样硬气
现在的男孩子去相亲，简直是太硬气了。
我们公司有个28岁的女同事，昨天晚上下班后她去相亲，跟相亲男见面后，发现对方早已经点好了菜。她心里觉得对方有点不符合眼缘，长的还有点丑，就对男孩说，“我今天根本不想来相亲，是我爸逼着我来的，你看要不要咱俩交个普通朋友？”然后，那男孩一听立马换了一种语气，直接说，“那你可以回去了”。
我女同事听完后脸上有点尴尬，又问，“你刚刚不是点完菜了吗，现在我还没吃饭呢”？要不咱们一起吃个饭，我AA也行。可是男孩根本就不理会她，对服务员说，把饭菜直接打包带走。
我女同事面子上有点挂不住，她转身就走了，回去后在路上把男的微信给删除了，顺便还把介绍人给骂了一顿。
今天早上女同事上班跟我们聊天，“说自己从来没有遇到这种奇葩的相亲对象，我看他活该单身，人那么小气”。
你们是不是感觉两个人都是家里的熟人介绍，第一次见面吃个饭也没什么吧，况且女生已经说了AA？
根据你们的常识和经验，把你们的看法留在评论区。",75288,361,2,2652,22,2023-11-26 18:59:42,2024-02-01 11:34:26,230349
kekedog,kekedog,0,8,1,False,我基本上已经放弃找中国女孩了,"我基本上已经放弃找中国女孩了
本人在学习日语之中，将来找个樱花妹。
中国女孩实在是有点恶心，要彩礼，而且还贵的要死。
而且关键是假设和中国女孩生个女儿，这个女儿会不会被其母亲感染，变得很那个。
在没办法移风易俗的情况下，只能自己努力提高自己的水平，找个日本女孩，规避彩礼这些事情。
所以说，找个日本女孩，将来可塑性很强。
本人只想有女儿，但是我不希望她被其舅舅及母亲感染，所以说我决定放弃和中国女孩的爱情，不值得与这些仙女相爱。",73668,1073,9,2343,47,2025-09-23 11:33:26,2025-11-16 00:24:41,228786
成593,46593,2,8,1,False,看看在老挝，5000万老挝币能娶到多么漂亮的女生,"看看在老挝，5000万老挝币能娶到多么漂亮的女生
不比江西的性价比高？而且还是笑容满面，不像国内甩脸子",74193,830,16,1301,29,2023-01-27 05:36:14,2023-12-16 07:39:22,228107
牛爷叔,牛爷叔,0,7,0,False,塑料缸司马光来了也没用--男女有别（幽默版）,"塑料缸司马光来了也没用--男女有别（幽默版）
",74788,220,57,1344,27,2023-12-01 18:25:14,2024-04-01 20:25:57,227006
秋虫不知晦朔,光荣的红花少年,13,9,1,False,这母女三人，真是xn中的极品,"这母女三人，真是xn中的极品
河南南阳，一男子离家出走20年后因工伤获得69.7万元死亡赔偿金。妻子要求分得37万、两个女儿认为母亲与别的男人同居十余年，没有资格获得父亲的死亡赔偿金。一审判定母亲分割60%，三人同时上诉后，二审法院认定母亲出轨并依法改判。
马先生是上门女婿，其与妻子陈女士结婚后，育有两个女儿，两个女儿出生后，都随母亲姓陈。
两个女儿还未成年时，马先生被公司派往广东工作。可到了广东后，马先生就再也没有回家，且也没有给家里寄过生活费，两个女儿由陈女士独自抚养。
期间，陈女士曾两次起诉离婚，但最终她还是撤回起诉，并带着两个女儿与另一男子李某共同生活。
两个女儿长大成人后，均在李某家中出嫁，由陈女士操办婚嫁事宜。小女儿出嫁次年，陈女士因与其同居的李某病重需要人照顾，搬回家中生活。
小女儿出嫁第三年时，马先生在广东工作的过程中，因工伤受伤并经抢救无效后死亡。
由于马先生父母双亡，没有任何亲戚，公司联系上合法妻子陈女士，事后大女儿前往广东处理此事。
马先生被认定为工伤后，获得69.7万死亡赔偿金。事后由大女儿为父亲马先生操办丧葬事宜。加上交通费、律师费、办理丧事等支出，大女儿总共花费了14万，即结余赔偿金为55.7万。
事后大女儿认为，全程都是自己在操办，母亲和妹妹连父亲的葬礼都不愿意出席，没有资格获得父亲因死亡而获得的赔偿金，剩余部分应归其所有。
母亲认为，虽然夫妻二人分居近20年，但只要两人一天还没有离婚，这笔钱就应当是夫妻共同财产。
民法典第1061条规定，夫妻有相互继承遗产的权利。第1127条同时还规定，遗产按照下列顺序继承：（一）第一顺序；配偶、子女、父母；
陈女士的意思很明确，55.7万一半是其份额的夫妻共同财产，另外一半才是万先生的遗产。即陈女士要求分得6分之4（2分之1+6分之1）、37万的遗产、两个女儿只能各分得6分之1、9.3万元。
可小女儿却认为，自己不是不愿意出席父母的葬礼，只是怀孕在身，不方便去，而且这是死亡赔偿金，不是父亲的遗产，不能按照遗产方式来分割。
最终，陈女士拿着与马先生的结婚证，告上法庭。
大女儿在法庭上认可小女儿的说法，主张这不是父亲的遗产，而是死亡赔偿金。
但大女儿同时还认为，父母分居近20年，母亲婚内与李某同居十余年，父亲的死对于母亲来说，没有造成精神损害，因此母亲没有资格获得死亡赔偿金。
一审法院认为，死亡赔偿金是对死者亲属财产和精神的抚慰，有权提出请求的赔偿权利人是死者的近亲属，权利人行使请求权的顺序原则上按照继承的法定顺序行使，应综合考虑权利人与死者关系的亲疏远近、共同生活的紧密程度与受害人的经济依赖程度及生活来源等因素适当分割，而非是平均分配。
具体而言，马先生与陈女士分居后，未尽家庭义务，陈女士独自抚养两个女儿，并为两人操办结婚事宜，虽然陈女士曾两次起诉与马先生离婚，在后期处理马先生殡葬事宜时亦未参与，但陈女士对家庭付出较多，且患高血压等身体疾病，应当多分。
小女儿是因怀孕在身未能参与父亲殡葬事宜，因此，综合两女儿在马先生生前均未尽义务等因素，故酌情判定陈女士分割60%、两个女儿各分割20%。
一审宣判后三方同时提出上诉。两个女儿认为，母亲在与父亲婚姻关系存续期间公然与他人同居十余年，且拒绝出席父亲的葬礼，其行严重违反夫妻间的忠诚义务，违反社会道德。
民法典第1043条规定，夫妻应当互相忠实，互相尊重，互相关爱；家庭成员应当敬老爱幼，互相帮助，维护平等、和睦、文明的婚姻家庭关系。
大女儿同时还认为，小女儿既不参与索赔也不出席父亲的丧葬事宜。父亲埋葬周年时，她也没有按风俗烧纸以表哀思，其行为亦有违公序良俗。
民法典第8条规定，民事主体从事民事活动，不得违反法律，不得违背公序良俗。
小女儿则认为，父亲的事花不了14万，大女儿的账目不清楚，一审认定大女儿花销14万，证据不足。
民事诉讼法第67条第1款规定，当事人对自己提出的主张，有责任提供证据。
二审法院认为，死亡赔偿金不是遗产，但死亡赔偿金一般参照民法继承篇的规定进行分割，其配偶、子女、父母是同一顺序的继承人。
死亡赔偿金原则上应由家庭生活共同体成员共同取得，应视为是对权利人物质损失与精神损害的混合赔偿，应当根据死亡赔偿金的抚慰性质，考虑各近亲属与死者的身份关系、共同生活关系等合理分配。
具体本案中，陈女士为马先生的配偶，两个女儿与马先生是父女关系，在马先生生前均未在一起共同生活，母女三人对马先生虽未尽到相应的家庭义务，但三人亦未丧失法律上的继承资格。
综上，二审法院改判为三人平均分配所剩余的55.7万。即陈女士与两个女儿每人可分得18.5万。（来源：河南南阳中院）",75011,161,7,655,8,2023-12-24 13:01:07,2024-09-04 07:19:02,226522
yadiannashuai,是神奇海螺呀,1,9,1,False,湖南今天要开始上分了,"湖南今天要开始上分了
",73806,337,30,2544,10,2024-05-08 10:16:55,2024-05-13 01:18:50,225747
危鸥,可怜的老实人唉,10,10,1,False,男子把继女从两岁养大，妈妈在她五岁时离世,"男子把继女从两岁养大，妈妈在她五岁时离世
",73751,383,38,2407,3,2025-09-23 19:56:02,2025-11-29 14:22:33,225692
生斌任三在地狱,金手将军生父,1,8,1,False,小仙女不愿退彩礼被灭门   创业失败,"小仙女不愿退彩礼被灭门   创业失败
",69106,1202,135,11459,65,2023-01-13 07:07:24,2024-01-03 11:51:15,225257
1级巡逻兵,1级巡逻兵,12,9,1,False,现在骂彩礼的都是哪些人？,"现在骂彩礼的都是哪些人？
其实骂彩礼的是当年为了生儿子打女胎以及他们生出的儿子，当年骂生闺女的人家绝户，生的女孩是赔钱货，现在骂人家要彩礼，要的高，只能说生闺女的运气不好，只能给生儿子的人家做嫁衣当冤大头还被他们骂。也是国家为何要禁止看男女的原因，因为人人都不想当冤大头，但社会又不能缺女人，所以只能强制老百姓生下来女孩。
当年顶着生闺女赔钱货的压力生下闺女的家庭为我国男女平衡做出了贡献，却被那些生了儿子的家庭骂，感情只要生闺女，只有让男方占便宜才不会被骂，真是倒反天罡。",71115,1210,3,1463,47,2025-10-11 10:40:21,2025-11-10 11:44:21,220914
emiya_shiro056,卡蜜儿赤🍉,1,8,1,False,彩礼这问题不是很简单吗,"彩礼这问题不是很简单吗
不懂为什么要骂，说实话，跟你要彩礼的女的直接不娶不就好了，非得要娶要彩礼的然后嚷嚷彩礼高，明晃晃的陷阱你要往里跳😅
大家都找不要彩礼的姑娘结婚，找不到就不结婚，让那些要彩礼的xxn结不了婚，不就好了吗？骂啥啊？繁殖癌还是炫压抑？
要彩礼的女的和不出彩礼的男的本质不是一路人，骂来骂去实属没看懂，她看不上你你看不上她就非得在一起吗",71253,931,5,2001,47,2025-10-07 17:20:48,2025-11-13 14:08:11,220477
甜筒多少钱,躲红圈⭕,8,9,1,False,男人只要做一件事情就不用给彩礼,"男人只要做一件事情就不用给彩礼
第一，为了模拟分娩痛苦，男人必须在医院给自己肚子划一刀口子并且缝上。那十个月的大肚子就当给你们的恩赐不用了。
第二，婴儿时期带孩子只要女人醒着，男人就必须也醒着一起带孩子。期间的生活费由男女双方共同付出，等孩子不需要带了，再同时去上班。
满足以上两点女方就可以不要彩礼，这才能绝对公平，男宝们愿意吗，肯定不愿意，毕竟男宝只想着占便宜，可不想付出呢",66119,2109,11,7477,296,2022-10-07 16:23:49,2023-01-12 18:17:27,216708
秋虫不知晦朔,光荣的红花少年,13,9,1,False,她经济的崩盘，是经济下行之下的必然！,"她经济的崩盘，是经济下行之下的必然！
舔狗经济崩盘是一个必然的结果！
之前国内的某网红，谈了一个对象想要出国深造，所以这个人就花了很多钱，把对象送出国外留学，结果是这个对象在国外出轨了！
这种故事经常有听说，舔狗必然被绿！
我们高中时候有挺多的同学最后结婚在一起了，很重要的原因是，男女在一起，有过共同的经历很重要！
整个青春时期都在一起，有共同的情绪，和情感纽带，所以地位是相应的对等。
彼此间的共同情绪和经历，可以让两个人成为坚实的利益整体。
舔狗精神上完全舍去了自尊，将女孩子视为女神，对她言听计从，几乎没有自己的主见！
所有的情感都依赖这个人！
这种不对等的关系，必然不会得到珍惜。",71630,99,3,501,3,2023-11-09 18:33:05,2023-12-05 11:10:17,215898
1级巡逻兵,1级巡逻兵,12,9,1,False,大部分男方没资格反彩礼,"大部分男方没资格反彩礼
反对彩礼可以，但也要反对嫁娶婚姻，应该和女方在姓氏传承，过年过节，买房买车方面平权。 说起彩礼，男方买房买车出酒席费用，义愤填膺，谩骂连天，，说起孩子姓氏传承，双方父母过年过节不能传统了，应该平等，就跳脚骂人或来一句“你咋不随你妈姓” 。只想占便宜那种，没资格饭彩礼
很遗憾，就目前来说大部分男方代表都双标。",65474,2400,20,6862,442,2022-10-06 07:09:06,2023-02-16 12:36:18,215786
秋虫不知晦朔,光荣的红花少年,13,9,1,False,当xxn伪装文艺青年去相亲…,"当xxn伪装文艺青年去相亲…
26岁的大男孩去相亲，女孩说她很喜欢历史，并且跟他聊了起来。
男孩本身就是历史老师，问女孩喜欢哪一段？
女孩说，喜欢魏晋南北朝。
于是，男孩就跟她聊起了魏晋南北朝，结果才说到八王之乱的时候，女孩问他什么是八王之乱，跟魏晋南北朝有什么关系？
男孩给她解释完之后，又讲到衣冠南渡，女孩就又问他什么是衣冠南渡？
于是，男孩又给女孩解释的明明白白的。
后来，男孩问女孩真的喜欢魏晋南北朝吗？女孩转口说自己喜欢唐朝，男孩就问她喜欢初唐、盛唐还是晚唐？
女孩不解的问他，这三个有什么区别吗？
男孩耐心的就继续跟女孩聊，她差点把二十四史喜欢了个遍，他也差点给她把中国历史讲了个遍。
过了几天以后，媒人转达那女孩的话，大概意思是：这个男的太能胡说了，一说就罗嗦的没完没了，而且不懂事，很下头。
可是，男孩就不明白了，记得那天她明明听我讲的很开心啊，这是蹭了我一堂历史课吗？
要怪只能怪男孩太没有辨别能力，因为女孩根本就是个伪文艺青年，什么都不懂，在关公面前耍大刀，还没耍一下，就觉得自己装不下去了，既然不能装了，肯定不会和男孩有所发展了。
要知道，文艺青年是很难装的。",70802,270,4,1378,21,2024-01-16 18:47:07,2024-01-23 19:24:09,215167
乐事Roshan,乐事Roshan,0,8,1,False,彩礼是新人难以逾越的大山,"彩礼是新人难以逾越的大山
",68676,628,10,2721,68,2024-03-08 18:17:53,2024-03-11 07:28:11,211987
危鸥,可怜的老实人唉,10,10,1,False,网传刚服完刑男子杀害女子一家，警方：嫌疑男子已被抓，其他暂不便告知#热点 #社会百态 #福建泉州,"网传刚服完刑男子杀害女子一家，警方：嫌疑男子已被抓，其他暂不便告知#热点 #社会百态 #福建泉州
",67807,618,64,4920,33,2024-02-21 10:35:17,2025-09-21 20:47:05,211656
甜筒多少钱,躲红圈⭕,8,9,1,False,打游戏遇见个江西上饶的女初中生,"打游戏遇见个江西上饶的女初中生
今年15岁初中刚毕业，父母在外面上班，家里一双子女给爷爷奶奶带，女儿成绩很差，中考烂透了，跟她交谈，初中毕业之后就不上学了，帮父母做事到成年嫁人，听她说要收30万彩礼，初中毕业女生，父母就开始灌输彩礼意识不愧是江西，她有个弟弟，小学没毕业，成绩也不好，天天农药，但是还是准备花钱上学，这么看起来。江西人玩的就是卖女儿养儿子这套，其实人爹妈也没赚，卖女儿赚的钱全赔在儿子身上了，只有家里只有女儿的家庭才是真的赚啊",68525,699,1,2487,54,2022-08-03 19:07:01,2022-10-15 20:08:55,211614
秋虫不知晦朔,光荣的红花少年,0,9,1,False,“3000万男光棍”一直不存在,"“3000万男光棍”一直不存在
很多人对男多女人三千万这个伪数据当成了多出三千万男光棍，一个极简单的推算，就能知道，这三千万男光棍一直不存在。
男女出生比大多在110比100，最高甚至124比100，
按110算。每年出生一千万人口。
就是，0岁，男的比女的多100万。到22岁，男人口比女的多2300万。
这2300万。女光棍是不用想的了。
如果按平均结婚年龄30岁算，那3100万男人，女光棍是不用想了。
还有残疾的，在牢里的呢？贫困户呢？等等。
显然女光棍比男光棍多，这也就能解释为什么在女人不愁嫁的论调下，还有一亿多女光棍了。
还男人在三十到五十这年龄段不幸而逝的比率远高于女性。
所以女光棍更难嫁才是真相。
加之，离婚率如此之高，女性离婚后大概率会回到婚姻市场。而男性如果带娃的情况，有小一半被动淘汰掉。
怎么算，婚姻市场永远都是女多于男。
如果再加上女人自设的房车，那适合的男性就更少了。
女性可以自己从自己的相亲对象里数一下，你所有相亲对象中，能达到你条件的有几成，有没有一成？这不是你运气差。",68736,490,4,1892,18,2024-03-09 07:05:31,2024-08-12 17:40:56,210580
天真的我71,詹姆斯历史第一,1,5,1,False,各大城市等级娶妻难度,"各大城市等级娶妻难度
噩梦地狱级：此级别是农村下等家庭，父母无退休金，2020年后娶妻难度太高基本要绝户。
地狱级：此级别是农村中等家庭，父母无退休金但是自己还有个学历，慢慢打拼给个20-30万彩礼可以结婚
困难级：三四线城市下等家庭，此级别父母有退休金但是有点病只能自己照顾自己，在城市属于下等家庭。
稍有难度1：三四线城市此级别三四线中等家庭，这个级别父母已经是公务员了，但是你自己学历不高那就只能啃老了。
稍有难度2：二线城市此级别父母是二线城市下等，父母差不多工人或者其他的，但是在二线城市拥有地产还是可以的。
简单级：新一线城市本地人，此级别想要结婚还是很容易的，除非家里面实在太特殊。
轻松级：北上广深本地人，这个级别本地人轻轻松松过千万，结婚也是婚恋市场首选目标，就算40岁都能娶到老婆。",68390,640,12,932,21,2022-09-13 13:09:42,2023-03-29 01:44:07,209359
西辛撒麻,我坑我只会躺赢,0,10,1,False,女人拿生育对男性进行道德绑架反被怼,"女人拿生育对男性进行道德绑架反被怼
那天听到有个36岁的小仙女对跟她相亲的男人说女性为了生育付出了太多，所以才要男的好好补偿。
然后这个男的就直接怼她：对，女性生育是伟大的，所以我要感谢和报答的，是我的母亲而不是你。如果你想要有谁来报答你的生育，那你就赶快生孩子，等孩子将来大了，就能报答你了。
那个小仙女当场就气得破防了。",68343,388,2,1631,69,2025-09-05 23:50:46,2025-10-03 02:00:31,208675
遗光言礼,山海境,1,0,2,False,为什么抱怨彩礼高的男人不去骂真正的罪魁祸首呢？,"为什么抱怨彩礼高的男人不去骂真正的罪魁祸首呢？
很多男人抱怨女人彩礼高，为什么他们不去骂真正的罪魁祸首呢？是他们不知道吗？不会吧不会吧？
以著名的高彩礼地区江西为例，几十万的彩礼简直要吓死人了。可是为什么其他地区彩礼就几万到十几万，就江西搞特殊几十万呢？无非是重男轻女罢了。可为什么那些娶江西女的男人不骂她娘家重男轻女吸他的血，就可劲逮着女人骂呢？你说女人也有毛病，我不反驳，但是主犯明明是她家弟弟，爸，祖父们，你放着主犯不骂，骂个从犯，什么意思要骂就请一视同仁，都给我狠狠地骂，骂死他们。你们总不会不知道你的彩礼钱全都给她家弟弟，爸，祖父们用了吧？真正吸你血的不是他们？
另外。很多抱怨彩礼高的男人请认真思考一下为什么自己娶不到低彩礼的女人，偏要娶高彩礼的江西女？实话实说吧，你们就是雄竞失败只能娶这种女人罢了。别为自己的失败找借口，掩饰自己的条件不好。",64988,1253,7,6420,396,2022-08-12 14:32:52,2023-08-31 00:17:44,208066
